timestamp,x,y,z,mag,lat,long,tipo
2026-02-10T06:36:43.974849,-0.0354,0.0134,-0.1825,0.1019,0.0,0.0,STREAM
2026-02-10T06:36:44.166491,0.0040,0.0143,-0.1484,0.1071,0.0,0.0,STREAM
2026-02-10T06:36:44.359791,0.0108,0.0091,-0.0957,0.1043,0.0,0.0,STREAM
2026-02-10T06:36:44.553930,0.0387,0.0540,-0.1006,0.1030,0.0,0.0,STREAM
2026-02-10T06:36:44.747218,-0.0255,0.0286,-0.2109,0.1197,0.0,0.0,STREAM
2026-02-10T06:36:44.944852,0.0466,0.0490,-0.1699,0.1271,0.0,0.0,STREAM
2026-02-10T06:36:45.134776,0.0500,0.0234,-0.1133,0.1251,0.0,0.0,STREAM
2026-02-10T06:36:45.330302,0.0490,0.0818,-0.1086,0.1252,0.0,0.0,STREAM
2026-02-10T06:36:45.522014,0.0336,0.0936,-0.0662,0.1205,0.0,0.0,STREAM
2026-02-10T06:36:45.717042,0.0469,0.0735,-0.0562,0.1152,0.0,0.0,STREAM
2026-02-10T06:36:45.911719,0.0264,0.0749,-0.0792,0.1139,0.0,0.0,STREAM
2026-02-10T06:36:46.105427,0.0105,0.0696,-0.0463,0.1080,0.0,0.0,STREAM
2026-02-10T06:36:46.298054,0.0176,0.0337,-0.0225,0.0977,0.0,0.0,STREAM
2026-02-10T06:36:46.492193,0.0278,0.0179,0.0218,0.0826,0.0,0.0,STREAM
2026-02-10T06:36:46.686250,-0.0205,0.0291,0.0260,0.0691,0.0,0.0,STREAM
2026-02-10T06:36:46.878298,-0.0054,0.0566,0.0132,0.0629,0.0,0.0,STREAM
2026-02-10T06:36:47.072293,0.0164,0.0196,0.0618,0.0506,0.0,0.0,STREAM
2026-02-10T06:36:47.264091,0.1003,0.0362,0.1194,0.0476,0.0,0.0,STREAM
2026-02-10T06:36:47.460229,0.0513,-0.0130,0.0327,0.0432,0.0,0.0,STREAM
2026-02-10T06:36:47.655678,0.0620,-0.0657,0.0633,0.0392,0.0,0.0,STREAM
2026-02-10T06:36:47.845325,0.0095,-0.0539,0.0348,0.0336,0.0,0.0,STREAM
2026-02-10T06:36:48.041478,-0.0061,-0.0280,-0.0032,0.0269,0.0,0.0,STREAM
2026-02-10T06:36:51.142111,-0.0711,-0.1187,0.0691,0.1013,0.0,0.0,STREAM
2026-02-10T06:36:51.336199,-0.0306,-0.1218,0.0664,0.1070,0.0,0.0,STREAM
2026-02-10T06:36:51.527852,-0.0185,-0.0896,0.1294,0.1139,0.0,0.0,STREAM
2026-02-10T06:36:51.723540,-0.0176,-0.0602,0.1642,0.1209,0.0,0.0,STREAM
2026-02-10T06:36:51.915189,-0.0346,-0.0596,0.0844,0.1189,0.0,0.0,STREAM
2026-02-10T06:36:52.110748,-0.0176,-0.0710,-0.0001,0.1086,0.0,0.0,STREAM
2026-02-10T06:36:52.303683,-0.0564,-0.0495,-0.0171,0.0979,0.0,0.0,STREAM
2026-02-10T06:36:52.497128,-0.0383,-0.0964,0.0035,0.0961,0.0,0.0,STREAM
2026-02-10T06:36:52.691276,-0.0515,-0.0882,0.0102,0.0955,0.0,0.0,STREAM
2026-02-10T06:36:52.885207,-0.0430,-0.0581,0.0207,0.0919,0.0,0.0,STREAM
2026-02-10T06:36:53.077582,-0.0095,-0.1028,0.0636,0.0957,0.0,0.0,STREAM
2026-02-10T06:36:53.273498,0.0083,-0.0840,0.1985,0.1077,0.0,0.0,STREAM
2026-02-10T06:36:53.464348,-0.0466,-0.0778,0.0151,0.1034,0.0,0.0,STREAM
2026-02-10T06:36:53.660915,-0.0016,-0.0595,0.0159,0.0963,0.0,0.0,STREAM
2026-02-10T06:36:53.853699,-0.0247,-0.0996,0.0723,0.1006,0.0,0.0,STREAM
2026-02-10T06:36:54.047574,-0.0188,-0.1109,0.1155,0.1093,0.0,0.0,STREAM
2026-02-10T06:36:54.241613,0.0287,-0.1254,0.1338,0.1190,0.0,0.0,STREAM
2026-02-10T06:36:54.435565,-0.0059,-0.0765,0.1735,0.1272,0.0,0.0,STREAM
2026-02-10T06:36:54.628328,-0.0193,-0.0513,0.1320,0.1281,0.0,0.0,STREAM
2026-02-10T06:36:54.822721,-0.0678,-0.0125,0.0736,0.1201,0.0,0.0,STREAM
2026-02-10T06:36:55.014307,-0.0593,-0.0376,-0.0407,0.1031,0.0,0.0,STREAM
2026-02-10T06:36:55.207561,-0.0883,-0.0884,0.0231,0.1031,0.0,0.0,STREAM
2026-02-10T06:36:55.402041,-0.0639,-0.1787,0.0928,0.1185,0.0,0.0,STREAM
2026-02-10T06:36:55.597395,-0.0496,-0.1476,0.0360,0.1230,0.0,0.0,STREAM
2026-02-10T06:36:55.790857,-0.0601,-0.0876,0.0010,0.1183,0.0,0.0,STREAM
2026-02-10T06:36:55.986637,-0.0510,-0.1040,-0.0091,0.1157,0.0,0.0,STREAM
2026-02-10T06:36:56.178782,-0.0251,-0.1396,0.0434,0.1199,0.0,0.0,STREAM
2026-02-10T06:36:56.371846,-0.0161,-0.1088,0.0072,0.1173,0.0,0.0,STREAM
2026-02-10T06:36:56.563562,-0.0270,-0.1292,0.0363,0.1200,0.0,0.0,STREAM
2026-02-10T06:36:56.760199,-0.0474,-0.1294,0.0200,0.1226,0.0,0.0,STREAM
2026-02-10T06:36:56.951197,-0.0036,-0.1254,0.0219,0.1225,0.0,0.0,STREAM
2026-02-10T06:36:57.146678,-0.0184,-0.1631,0.0177,0.1283,0.0,0.0,STREAM
2026-02-10T06:36:57.340640,-0.0409,-0.1701,-0.0621,0.1331,0.0,0.0,STREAM
2026-02-10T06:36:57.534988,-0.0082,-0.1971,-0.0595,0.1413,0.0,0.0,STREAM
2026-02-10T06:36:57.728714,-0.0003,-0.2053,-0.0458,0.1503,0.0,0.0,STREAM
2026-02-10T06:36:57.919022,0.0002,-0.2215,0.0386,0.1607,0.0,0.0,STREAM
2026-02-10T06:36:58.115355,0.0197,-0.2816,0.0513,0.1786,0.0,0.0,STREAM
2026-02-10T06:36:58.308614,0.0792,-0.2517,0.1192,0.1907,0.0,0.0,STREAM
2026-02-10T06:36:58.500187,0.1069,-0.2155,-0.0081,0.1946,0.0,0.0,STREAM
2026-02-10T06:36:58.699628,0.0625,-0.1786,-0.0231,0.1926,0.0,0.0,STREAM
2026-02-10T06:36:58.886989,-0.0342,-0.1344,-0.0510,0.1828,0.0,0.0,STREAM
2026-02-10T06:36:59.149873,-0.0220,-0.0741,-0.1190,0.1667,0.0,0.0,STREAM
2026-02-10T06:36:59.346836,0.0379,-0.0306,-0.0132,0.1469,0.0,0.0,STREAM
2026-02-10T06:36:59.538954,0.0762,-0.0093,-0.0624,0.1289,0.0,0.0,STREAM
2026-02-10T06:36:59.731454,0.0459,-0.0044,-0.0192,0.1121,0.0,0.0,STREAM
2026-02-10T06:36:59.925514,-0.0139,0.0333,-0.0343,0.0912,0.0,0.0,STREAM
2026-02-10T06:37:00.117585,-0.0361,0.0352,-0.0938,0.0764,0.0,0.0,STREAM
2026-02-10T06:37:00.335395,0.0191,0.0331,-0.1165,0.0709,0.0,0.0,STREAM
2026-02-10T06:37:00.535215,0.0239,0.0287,-0.0228,0.0603,0.0,0.0,STREAM
2026-02-10T06:37:00.736197,0.0438,0.0423,-0.0160,0.0511,0.0,0.0,STREAM
2026-02-10T06:37:00.932061,0.0290,0.1077,0.0382,0.0345,0.0,0.0,STREAM
2026-02-10T06:37:01.130849,0.0675,0.1458,-0.0056,0.0393,0.0,0.0,STREAM
2026-02-10T06:37:01.330900,0.0763,0.2267,-0.0452,0.0643,0.0,0.0,STREAM
2026-02-10T06:37:01.507546,0,0,0,0.0,18.8257087,-98.9453948,MANUAL
2026-02-10T06:37:01.526345,0.0515,0.2481,-0.0162,0.0894,0.0,0.0,STREAM
2026-02-10T06:37:01.724804,-0.2392,1.9336,-0.4122,0.3653,0.0,0.0,STREAM
2026-02-10T06:37:01.923616,0.2496,1.4494,-0.4449,0.5387,0.0,0.0,STREAM
2026-02-10T06:37:02.123124,0.1932,1.1563,-0.3517,0.6408,0.0,0.0,STREAM
2026-02-10T06:37:02.321990,0.1545,0.9263,-0.2611,0.6906,0.0,0.0,STREAM
2026-02-10T06:37:02.521391,0.1040,0.7413,-0.2288,0.7043,0.0,0.0,STREAM
2026-02-10T06:37:02.719490,0.0765,0.5933,-0.1852,0.6926,0.0,0.0,STREAM
2026-02-10T06:37:02.916518,0.0626,0.4755,-0.1443,0.6638,0.0,0.0,STREAM
2026-02-10T06:37:03.116039,0.0354,0.3729,-0.1080,0.6227,0.0,0.0,STREAM
2026-02-10T06:37:03.316510,0.0288,0.3106,-0.0797,0.5775,0.0,0.0,STREAM
2026-02-10T06:37:03.450113,-0.3914,0.3364,-0.6957,0.5718,0.0,0.0,STREAM
2026-02-10T06:37:03.474836,-0.3615,0.2986,-0.6937,0.5781,0.0,0.0,STREAM
2026-02-10T06:37:03.497346,-0.2569,0.1680,-0.2662,0.5392,0.0,0.0,STREAM
2026-02-10T06:37:03.510452,-0.0766,0.0412,0.0823,0.4587,0.0,0.0,STREAM
2026-02-10T06:37:03.528129,-0.0601,0.0330,0.0818,0.3895,0.0,0.0,STREAM
2026-02-10T06:37:03.547014,-0.0526,0.0296,0.0788,0.3309,0.0,0.0,STREAM
2026-02-10T06:37:03.565345,-0.0467,0.0293,0.0652,0.2824,0.0,0.0,STREAM
2026-02-10T06:37:03.597124,-0.0398,0.0276,0.0591,0.2417,0.0,0.0,STREAM
2026-02-10T06:37:03.612280,-0.0361,0.0182,0.0526,0.2065,0.0,0.0,STREAM
2026-02-10T06:37:03.630596,-0.0283,0.0114,0.0567,0.1757,0.0,0.0,STREAM
2026-02-10T06:37:03.644435,-0.0186,0.0078,0.0546,0.1491,0.0,0.0,STREAM
2026-02-10T06:37:03.661739,-0.0064,0.0102,0.0700,0.1263,0.0,0.0,STREAM
2026-02-10T06:37:03.682953,0.0052,0.0153,0.0802,0.1080,0.0,0.0,STREAM
2026-02-10T06:37:03.705931,0.0146,0.0211,0.0783,0.0942,0.0,0.0,STREAM
2026-02-10T06:37:03.721052,0.0227,0.0303,0.0730,0.0849,0.0,0.0,STREAM
2026-02-10T06:37:03.739628,0.0318,0.0342,0.0812,0.0792,0.0,0.0,STREAM
2026-02-10T06:37:03.759003,0.0361,0.0289,0.0978,0.0767,0.0,0.0,STREAM
2026-02-10T06:37:03.781574,0.0368,0.0213,0.0978,0.0757,0.0,0.0,STREAM
2026-02-10T06:37:03.797619,0.0378,0.0159,0.0823,0.0745,0.0,0.0,STREAM
2026-02-10T06:37:03.818336,0.0370,0.0117,0.0738,0.0732,0.0,0.0,STREAM
2026-02-10T06:37:03.839770,0.0391,0.0068,0.0849,0.0738,0.0,0.0,STREAM
2026-02-10T06:37:03.855603,0.0343,-0.0031,0.0900,0.0749,0.0,0.0,STREAM
2026-02-10T06:37:03.875026,0.0252,-0.0066,0.0731,0.0737,0.0,0.0,STREAM
2026-02-10T06:37:03.894689,0.0211,-0.0064,0.0491,0.0698,0.0,0.0,STREAM
2026-02-10T06:37:03.917130,0.0176,-0.0071,0.0438,0.0657,0.0,0.0,STREAM
2026-02-10T06:37:03.937149,0.0103,-0.0094,0.0433,0.0619,0.0,0.0,STREAM
2026-02-10T06:37:03.956297,0.0055,-0.0096,0.0376,0.0578,0.0,0.0,STREAM
2026-02-10T06:37:03.972541,0.0017,-0.0059,0.0180,0.0516,0.0,0.0,STREAM
2026-02-10T06:37:03.992058,0.0071,0.0019,0.0178,0.0467,0.0,0.0,STREAM
2026-02-10T06:37:04.010525,0.0135,0.0034,0.0440,0.0466,0.0,0.0,STREAM
2026-02-10T06:37:04.031738,0.0143,-0.0049,0.0512,0.0475,0.0,0.0,STREAM
2026-02-10T06:37:04.049698,0.0140,-0.0023,0.0401,0.0466,0.0,0.0,STREAM
2026-02-10T06:37:04.068466,0.0213,0.0042,0.0343,0.0455,0.0,0.0,STREAM
2026-02-10T06:37:04.088115,0.0247,0.0090,0.0337,0.0448,0.0,0.0,STREAM
2026-02-10T06:37:04.108027,0.0213,0.0070,0.0106,0.0409,0.0,0.0,STREAM
2026-02-10T06:37:04.127244,0.0281,0.0085,-0.0079,0.0358,0.0,0.0,STREAM
2026-02-10T06:37:04.198305,0.0384,0.0195,-0.0103,0.0332,0.0,0.0,STREAM
2026-02-10T06:37:04.227139,0.0362,0.0274,-0.0203,0.0313,0.0,0.0,STREAM
2026-02-10T06:37:04.243970,0.0293,0.0329,-0.0319,0.0299,0.0,0.0,STREAM
2026-02-10T06:37:04.259132,0.0256,0.0334,-0.0543,0.0299,0.0,0.0,STREAM
2026-02-10T06:37:04.276029,0.0231,0.0283,-0.0603,0.0319,0.0,0.0,STREAM
2026-02-10T06:37:04.293718,0.0241,0.0209,-0.0510,0.0343,0.0,0.0,STREAM
2026-02-10T06:37:04.312201,0.0237,0.0142,-0.0366,0.0354,0.0,0.0,STREAM
2026-02-10T06:37:04.336437,0.0188,0.0132,-0.0398,0.0363,0.0,0.0,STREAM
2026-02-10T06:37:04.351045,0.0159,0.0195,-0.0540,0.0389,0.0,0.0,STREAM
2026-02-10T06:37:04.372054,0.0183,0.0258,-0.0503,0.0416,0.0,0.0,STREAM
2026-02-10T06:37:04.395201,0.0199,0.0285,-0.0312,0.0423,0.0,0.0,STREAM
2026-02-10T06:37:04.409172,0.0144,0.0254,-0.0324,0.0423,0.0,0.0,STREAM
2026-02-10T06:37:04.430360,0.0001,0.0204,-0.0731,0.0459,0.0,0.0,STREAM
2026-02-10T06:37:04.460047,-0.0003,0.0203,-0.0987,0.0528,0.0,0.0,STREAM
2026-02-10T06:37:04.481274,0.0072,0.0106,-0.0728,0.0555,0.0,0.0,STREAM
2026-02-10T06:37:04.721446,0.0159,0.0116,-0.0318,0.0527,0.0,0.0,STREAM
2026-02-10T06:37:04.914379,0.0361,-1.5654,-0.2559,0.2336,0.0,0.0,STREAM
2026-02-10T06:37:05.107914,-0.2733,-1.0823,0.2976,0.3505,0.0,0.0,STREAM
2026-02-10T06:37:05.303178,-0.1308,-0.8934,-0.2123,0.4355,0.0,0.0,STREAM
2026-02-10T06:37:05.499144,-0.0881,-0.6863,-0.1401,0.4757,0.0,0.0,STREAM
2026-02-10T06:37:05.689429,-0.0699,-0.5202,-0.1128,0.4847,0.0,0.0,STREAM
2026-02-10T06:37:05.883266,-0.0683,-0.3836,-0.0916,0.4717,0.0,0.0,STREAM
2026-02-10T06:37:06.075705,-0.0450,-0.2825,-0.0630,0.4448,0.0,0.0,STREAM
2026-02-10T06:37:06.271032,-0.0395,-0.1962,-0.0435,0.4087,0.0,0.0,STREAM
2026-02-10T06:37:06.464716,-0.0118,-0.1424,0.0023,0.3685,0.0,0.0,STREAM
2026-02-10T06:37:06.658760,-0.0152,-0.0769,0.0116,0.3245,0.0,0.0,STREAM
2026-02-10T06:37:06.852299,-0.0046,-0.0243,0.0221,0.2790,0.0,0.0,STREAM
2026-02-10T06:37:07.046486,0.0036,0.0085,0.0364,0.2352,0.0,0.0,STREAM
2026-02-10T06:37:07.240049,0.0112,0.0352,0.0383,0.1940,0.0,0.0,STREAM
2026-02-10T06:37:07.431575,0.0089,0.0689,0.0364,0.1541,0.0,0.0,STREAM
2026-02-10T06:37:07.627294,0.0084,0.0955,0.0421,0.1164,0.0,0.0,STREAM
2026-02-10T06:37:07.821682,0.0180,0.1021,0.0543,0.0837,0.0,0.0,STREAM
2026-02-10T06:37:08.014189,0.0224,0.1138,0.0423,0.0551,0.0,0.0,STREAM
2026-02-10T06:37:08.206135,0.0128,0.1135,0.0647,0.0350,0.0,0.0,STREAM
2026-02-10T06:37:08.401631,0.0105,0.1218,0.0589,0.0269,0.0,0.0,STREAM
2026-02-10T06:37:08.595939,0.0039,0.1236,0.0352,0.0308,0.0,0.0,STREAM
2026-02-10T06:37:08.787415,0.0259,0.1048,0.0352,0.0398,0.0,0.0,STREAM
2026-02-10T06:37:08.981534,0.0397,0.1158,0.0731,0.0547,0.0,0.0,STREAM
2026-02-10T06:37:09.177043,0.0180,0.1028,0.0528,0.0636,0.0,0.0,STREAM
2026-02-10T06:37:09.370304,0.0117,0.0843,0.0377,0.0678,0.0,0.0,STREAM
2026-02-10T06:37:09.562939,0.0215,0.0595,0.0548,0.0700,0.0,0.0,STREAM
2026-02-10T06:37:10.726126,0.0490,0.0208,0.1158,0.1004,0.0,0.0,STREAM
2026-02-10T06:37:10.918878,0.0477,0.0220,0.0763,0.0986,0.0,0.0,STREAM
2026-02-10T06:37:11.113009,0.0562,0.0102,0.0845,0.0981,0.0,0.0,STREAM
2026-02-10T06:37:11.308386,0.0280,-0.0288,0.0104,0.0848,0.0,0.0,STREAM
2026-02-10T06:37:11.501687,0.0599,-0.0657,0.0539,0.0805,0.0,0.0,STREAM
2026-02-10T06:37:11.693735,0.0529,-0.1149,0.0889,0.0829,0.0,0.0,STREAM
2026-02-10T06:37:11.887715,0.0775,-0.1277,0.1617,0.0999,0.0,0.0,STREAM
2026-02-10T06:37:12.083015,0.0521,-0.1079,0.0710,0.1023,0.0,0.0,STREAM
2026-02-10T06:37:12.275504,0.0611,-0.0970,0.0711,0.1054,0.0,0.0,STREAM
2026-02-10T06:37:12.469678,0.0438,-0.1731,0.1534,0.1224,0.0,0.0,STREAM
2026-02-10T06:37:12.662210,0.0714,-0.2049,0.1565,0.1427,0.0,0.0,STREAM
2026-02-10T06:37:12.857418,0.0459,-0.1857,0.1746,0.1594,0.0,0.0,STREAM
2026-02-10T06:37:13.052825,0.0522,-0.1626,0.1618,0.1706,0.0,0.0,STREAM
2026-02-10T06:37:13.245229,0.0553,-0.1156,0.0988,0.1691,0.0,0.0,STREAM
2026-02-10T06:37:13.440845,0.0436,-0.1260,0.1426,0.1729,0.0,0.0,STREAM
2026-02-10T06:37:13.632710,-0.0032,-0.1346,0.0745,0.1681,0.0,0.0,STREAM
2026-02-10T06:37:13.825471,0.0119,-0.1213,0.0110,0.1575,0.0,0.0,STREAM
2026-02-10T06:37:14.020415,0.0044,-0.1276,0.0100,0.1496,0.0,0.0,STREAM
2026-02-10T06:37:14.213962,0.0418,-0.1404,0.0986,0.1537,0.0,0.0,STREAM
2026-02-10T06:37:14.405168,0.0621,-0.1235,0.1103,0.1568,0.0,0.0,STREAM
2026-02-10T06:37:14.601038,0.0207,-0.0831,0.0816,0.1509,0.0,0.0,STREAM
2026-02-10T06:37:14.794886,-0.0042,-0.1028,-0.0179,0.1389,0.0,0.0,STREAM
2026-02-10T06:37:14.987664,0.0329,-0.0992,-0.0121,0.1308,0.0,0.0,STREAM
2026-02-10T06:37:15.182557,0.0089,-0.1129,0.0339,0.1284,0.0,0.0,STREAM
2026-02-10T06:37:15.374140,0.0152,-0.0758,0.0330,0.1217,0.0,0.0,STREAM
2026-02-10T06:37:15.568851,-0.0298,-0.0936,-0.0094,0.1147,0.0,0.0,STREAM
2026-02-10T06:37:15.762812,-0.0278,-0.1023,-0.0530,0.1088,0.0,0.0,STREAM
2026-02-10T06:37:15.957665,-0.0217,-0.0629,-0.0731,0.0992,0.0,0.0,STREAM
2026-02-10T06:37:16.152996,-0.0449,-0.0575,-0.0691,0.0921,0.0,0.0,STREAM
2026-02-10T06:37:16.344803,-0.0543,-0.0470,-0.0492,0.0861,0.0,0.0,STREAM
2026-02-10T06:37:16.538401,-0.0248,-0.0249,-0.0415,0.0780,0.0,0.0,STREAM
2026-02-10T06:37:16.732633,-0.0317,-0.0259,0.0180,0.0707,0.0,0.0,STREAM
2026-02-10T06:37:16.925514,-0.0302,-0.0232,0.0128,0.0644,0.0,0.0,STREAM
2026-02-10T06:37:17.118467,-0.0416,-0.0173,0.0609,0.0593,0.0,0.0,STREAM
2026-02-10T06:37:17.313715,-0.0626,-0.0025,-0.0039,0.0547,0.0,0.0,STREAM
2026-02-10T06:37:17.507397,-0.0459,0.0148,-0.0381,0.0485,0.0,0.0,STREAM
2026-02-10T06:37:17.698746,-0.0699,0.0070,-0.1077,0.0509,0.0,0.0,STREAM
2026-02-10T06:37:18.862281,-0.0915,-0.1004,-0.1230,0.1006,0.0,0.0,STREAM
2026-02-10T06:37:19.055378,-0.1136,-0.1481,-0.0274,0.1097,0.0,0.0,STREAM
2026-02-10T06:37:19.250782,-0.1055,-0.1731,-0.1080,0.1269,0.0,0.0,STREAM
2026-02-10T06:37:19.444120,-0.0401,-0.2113,-0.0109,0.1336,0.0,0.0,STREAM
2026-02-10T06:37:19.638442,-0.0191,-0.2044,0.1032,0.1341,0.0,0.0,STREAM
2026-02-10T06:37:19.829965,-0.0296,-0.1900,0.0955,0.1384,0.0,0.0,STREAM
2026-02-10T06:37:20.023743,-0.0609,-0.1882,-0.0316,0.1475,0.0,0.0,STREAM
2026-02-10T06:37:20.217737,-0.0685,-0.2037,-0.0403,0.1581,0.0,0.0,STREAM
2026-02-10T06:37:20.412824,-0.0630,-0.2201,0.0053,0.1683,0.0,0.0,STREAM
2026-02-10T06:37:20.605071,-0.0706,-0.2403,0.0763,0.1798,0.0,0.0,STREAM
2026-02-10T06:37:20.800318,-0.0761,-0.2437,0.0855,0.1913,0.0,0.0,STREAM
2026-02-10T06:37:20.995451,-0.0688,-0.1880,0.0514,0.1931,0.0,0.0,STREAM
2026-02-10T06:37:21.186315,-0.0783,-0.1879,0.0229,0.1948,0.0,0.0,STREAM
2026-02-10T06:37:21.379654,-0.0441,-0.1561,0.0679,0.1908,0.0,0.0,STREAM
2026-02-10T06:37:21.575198,-0.0607,-0.1433,0.0745,0.1869,0.0,0.0,STREAM
2026-02-10T06:37:21.766819,-0.0464,-0.1499,0.1174,0.1856,0.0,0.0,STREAM
2026-02-10T06:37:21.961957,-0.0484,-0.1213,0.0967,0.1805,0.0,0.0,STREAM
2026-02-10T06:37:22.156241,-0.0521,-0.0709,0.0264,0.1667,0.0,0.0,STREAM
2026-02-10T06:37:22.349526,-0.0902,-0.0210,0.0251,0.1507,0.0,0.0,STREAM
2026-02-10T06:37:22.543811,-0.0731,0.0088,-0.0020,0.1318,0.0,0.0,STREAM
2026-02-10T06:37:22.735659,-0.0823,0.0369,0.0021,0.1143,0.0,0.0,STREAM
2026-02-10T06:37:22.929356,-0.0648,0.0679,-0.0015,0.0961,0.0,0.0,STREAM
2026-02-10T06:37:23.124540,-0.1042,0.0696,0.0420,0.0894,0.0,0.0,STREAM
2026-02-10T06:37:23.317616,-0.1159,0.0903,0.0560,0.0887,0.0,0.0,STREAM
2026-02-10T06:37:23.512829,-0.1477,0.1339,-0.0014,0.0934,0.0,0.0,STREAM
2026-02-10T06:37:23.705427,-0.1361,0.1559,-0.0184,0.1012,0.0,0.0,STREAM
2026-02-10T06:37:23.899282,-0.1707,0.1843,-0.0278,0.1181,0.0,0.0,STREAM
2026-02-10T06:37:24.093034,-0.1603,0.2125,-0.0377,0.1361,0.0,0.0,STREAM
2026-02-10T06:37:24.289696,-0.1484,0.2290,-0.0093,0.1537,0.0,0.0,STREAM
2026-02-10T06:37:24.481119,-0.1362,0.1942,-0.0190,0.1651,0.0,0.0,STREAM
2026-02-10T06:37:24.674109,-0.1135,0.1727,-0.0669,0.1708,0.0,0.0,STREAM
2026-02-10T06:37:24.868325,-0.1416,0.1582,-0.0968,0.1782,0.0,0.0,STREAM
2026-02-10T06:37:25.060177,-0.0995,0.1817,-0.0199,0.1817,0.0,0.0,STREAM
2026-02-10T06:37:25.255828,-0.1068,0.2722,-0.0346,0.1964,0.0,0.0,STREAM
2026-02-10T06:37:25.449948,-0.1326,0.2918,-0.0862,0.2154,0.0,0.0,STREAM
2026-02-10T06:37:25.641703,-0.0974,0.2831,-0.0700,0.2278,0.0,0.0,STREAM
2026-02-10T06:37:25.835343,-0.1058,0.3125,-0.0442,0.2426,0.0,0.0,STREAM
2026-02-10T06:37:26.030433,-0.0694,0.3315,-0.0214,0.2552,0.0,0.0,STREAM
2026-02-10T06:37:26.223030,-0.0513,0.3317,-0.0153,0.2654,0.0,0.0,STREAM
2026-02-10T06:37:26.416535,-0.0241,0.3802,-0.0313,0.2805,0.0,0.0,STREAM
2026-02-10T06:37:26.611777,-0.0292,0.3975,-0.0111,0.2965,0.0,0.0,STREAM
2026-02-10T06:37:26.804171,0.0032,0.3856,-0.0246,0.3081,0.0,0.0,STREAM
2026-02-10T06:37:26.999784,0.0465,0.3766,-0.0057,0.3159,0.0,0.0,STREAM
2026-02-10T06:37:27.193102,0.0630,0.3822,-0.0327,0.3244,0.0,0.0,STREAM
2026-02-10T06:37:27.385073,0.0798,0.3790,-0.0649,0.3322,0.0,0.0,STREAM
2026-02-10T06:37:27.578886,0.0743,0.3535,-0.0612,0.3357,0.0,0.0,STREAM
2026-02-10T06:37:27.774187,0.0843,0.3148,-0.0538,0.3333,0.0,0.0,STREAM
2026-02-10T06:37:27.965589,0.1000,0.2867,-0.0299,0.3273,0.0,0.0,STREAM
2026-02-10T06:37:28.159735,0.1026,0.2261,-0.0510,0.3141,0.0,0.0,STREAM
2026-02-10T06:37:28.354755,0.0849,0.2195,-0.0864,0.3028,0.0,0.0,STREAM
2026-02-10T06:37:28.549661,0.0967,0.1830,-0.0677,0.2881,0.0,0.0,STREAM
2026-02-10T06:37:28.741482,0.1164,0.1540,-0.0396,0.2717,0.0,0.0,STREAM
2026-02-10T06:37:28.933550,0.1304,0.1552,-0.0689,0.2599,0.0,0.0,STREAM
2026-02-10T06:37:29.129672,0.1341,0.1228,-0.1055,0.2475,0.0,0.0,STREAM
2026-02-10T06:37:29.323647,0.1594,0.0656,-0.0265,0.2290,0.0,0.0,STREAM
2026-02-10T06:37:29.514333,0.1738,0.0528,-0.0146,0.2137,0.0,0.0,STREAM
2026-02-10T06:37:29.713767,0.1847,0.0116,0.0061,0.1978,0.0,0.0,STREAM
2026-02-10T06:37:29.901028,0.1931,-0.0108,-0.0046,0.1857,0.0,0.0,STREAM
2026-02-10T06:37:30.096198,0.2094,-0.0537,0.0523,0.1750,0.0,0.0,STREAM
2026-02-10T06:37:30.291021,0.2000,-0.0247,0.0446,0.1713,0.0,0.0,STREAM
2026-02-10T06:37:30.486613,0.1805,-0.0016,0.0404,0.1694,0.0,0.0,STREAM
2026-02-10T06:37:30.678060,0.2375,0.0204,0.0538,0.1781,0.0,0.0,STREAM
2026-02-10T06:37:30.871480,0.2396,-0.0010,0.0079,0.1854,0.0,0.0,STREAM
2026-02-10T06:37:31.065091,0.2099,0.0010,-0.0546,0.1880,0.0,0.0,STREAM
2026-02-10T06:37:31.261517,0.1880,-0.0447,-0.0902,0.1867,0.0,0.0,STREAM
2026-02-10T06:37:31.453341,0.1731,-0.0520,-0.1288,0.1858,0.0,0.0,STREAM
2026-02-10T06:37:31.648991,0.1811,-0.0889,-0.0790,0.1861,0.0,0.0,STREAM
2026-02-10T06:37:31.842004,0.1554,-0.1270,-0.0024,0.1818,0.0,0.0,STREAM
2026-02-10T06:37:32.036405,0.1478,-0.1456,-0.0277,0.1800,0.0,0.0,STREAM
2026-02-10T06:37:32.227918,0.1296,-0.1862,-0.0138,0.1792,0.0,0.0,STREAM
2026-02-10T06:37:32.421632,0.1211,-0.2316,-0.0232,0.1831,0.0,0.0,STREAM
2026-02-10T06:37:32.614764,0.1326,-0.2350,0.0173,0.1902,0.0,0.0,STREAM
2026-02-10T06:37:32.811573,0.0991,-0.2639,0.0049,0.1976,0.0,0.0,STREAM
2026-02-10T06:37:33.002013,0.0666,-0.2880,0.0474,0.2051,0.0,0.0,STREAM
2026-02-10T06:37:33.197595,0.0472,-0.2865,0.0279,0.2125,0.0,0.0,STREAM
2026-02-10T06:37:33.392074,0.0166,-0.3286,0.0696,0.2240,0.0,0.0,STREAM
2026-02-10T06:37:33.582313,0.0266,-0.3067,0.0525,0.2339,0.0,0.0,STREAM
2026-02-10T06:37:33.776734,0.0273,-0.3226,0.0467,0.2456,0.0,0.0,STREAM
2026-02-10T06:37:33.972167,0.0344,-0.3065,0.0841,0.2550,0.0,0.0,STREAM
2026-02-10T06:37:34.164506,0.0415,-0.3330,0.1184,0.2683,0.0,0.0,STREAM
2026-02-10T06:37:34.361205,0.0297,-0.3138,0.0703,0.2759,0.0,0.0,STREAM
2026-02-10T06:37:34.552095,0.0116,-0.3228,0.0197,0.2819,0.0,0.0,STREAM
2026-02-10T06:37:34.746349,0.0331,-0.3261,0.0200,0.2885,0.0,0.0,STREAM
2026-02-10T06:37:34.941440,0.0363,-0.2943,0.0447,0.2901,0.0,0.0,STREAM
2026-02-10T06:37:35.135511,0.0369,-0.2838,0.0069,0.2893,0.0,0.0,STREAM
2026-02-10T06:37:35.330025,0.0377,-0.2782,-0.0046,0.2876,0.0,0.0,STREAM
2026-02-10T06:37:35.522851,0.0005,-0.2358,-0.0545,0.2787,0.0,0.0,STREAM
2026-02-10T06:37:35.714150,-0.0012,-0.2426,-0.0942,0.2725,0.0,0.0,STREAM
2026-02-10T06:37:35.909576,0.0074,-0.2256,-0.1152,0.2659,0.0,0.0,STREAM
2026-02-10T06:37:36.104527,0.0413,-0.2079,-0.0092,0.2578,0.0,0.0,STREAM
2026-02-10T06:37:36.296570,0.0660,-0.1811,0.0240,0.2471,0.0,0.0,STREAM
2026-02-10T06:37:36.491362,0.0925,-0.2031,0.0111,0.2424,0.0,0.0,STREAM
2026-02-10T06:37:36.685662,0.0646,-0.1636,-0.0061,0.2320,0.0,0.0,STREAM
2026-02-10T06:37:36.879433,0.0600,-0.1851,-0.0121,0.2263,0.0,0.0,STREAM
2026-02-10T06:37:37.071814,0.1167,-0.1927,0.0454,0.2245,0.0,0.0,STREAM
2026-02-10T06:37:37.264060,0.1648,-0.1678,0.0360,0.2225,0.0,0.0,STREAM
2026-02-10T06:37:37.460148,0.1602,-0.1237,0.0138,0.2154,0.0,0.0,STREAM
2026-02-10T06:37:37.653308,0.1360,-0.0988,-0.0763,0.2053,0.0,0.0,STREAM
2026-02-10T06:37:37.847036,0.1424,-0.0678,-0.0698,0.1945,0.0,0.0,STREAM
2026-02-10T06:37:38.040804,0.1806,-0.0039,-0.0455,0.1821,0.0,0.0,STREAM
2026-02-10T06:37:38.234900,0.1991,0.0425,-0.0405,0.1715,0.0,0.0,STREAM
2026-02-10T06:37:38.428611,0.1757,0.0501,-0.0726,0.1637,0.0,0.0,STREAM
2026-02-10T06:37:38.622620,0.1699,0.0889,-0.0404,0.1560,0.0,0.0,STREAM
2026-02-10T06:37:38.814069,0.2153,0.1025,-0.0800,0.1603,0.0,0.0,STREAM
2026-02-10T06:37:39.007629,0.2155,0.1001,-0.0500,0.1666,0.0,0.0,STREAM
2026-02-10T06:37:39.201334,0.2299,0.1397,-0.1102,0.1786,0.0,0.0,STREAM
2026-02-10T06:37:39.396969,0.2113,0.1375,-0.0857,0.1877,0.0,0.0,STREAM
2026-02-10T06:37:39.591882,0.2214,0.1455,-0.0841,0.1984,0.0,0.0,STREAM
2026-02-10T06:37:39.786549,0.2199,0.1481,-0.1022,0.2093,0.0,0.0,STREAM
2026-02-10T06:37:39.977474,0.2307,0.1550,-0.0984,0.2208,0.0,0.0,STREAM
2026-02-10T06:37:40.171180,0.2246,0.1625,-0.0577,0.2288,0.0,0.0,STREAM
2026-02-10T06:37:40.363101,0.2220,0.1790,-0.0378,0.2359,0.0,0.0,STREAM
2026-02-10T06:37:40.560422,0.2234,0.1861,-0.0157,0.2424,0.0,0.0,STREAM
2026-02-10T06:37:40.752624,0.2263,0.1805,-0.0076,0.2481,0.0,0.0,STREAM
2026-02-10T06:37:40.945230,0.2152,0.2005,0.0152,0.2531,0.0,0.0,STREAM
2026-02-10T06:37:41.140767,0.1937,0.2186,0.0288,0.2566,0.0,0.0,STREAM
2026-02-10T06:37:41.334585,0.2042,0.2039,0.0482,0.2601,0.0,0.0,STREAM
2026-02-10T06:37:41.527506,0.1919,0.2245,0.0640,0.2640,0.0,0.0,STREAM
2026-02-10T06:37:41.722746,0.1337,0.2665,0.0272,0.2658,0.0,0.0,STREAM
2026-02-10T06:37:41.913729,0.1086,0.2655,-0.0488,0.2657,0.0,0.0,STREAM
2026-02-10T06:37:42.107286,0.0566,0.2735,-0.0553,0.2629,0.0,0.0,STREAM
2026-02-10T06:37:42.302505,-0.0013,0.2685,-0.0576,0.2567,0.0,0.0,STREAM
2026-02-10T06:37:42.496835,-0.0080,0.2511,-0.0126,0.2502,0.0,0.0,STREAM
2026-02-10T06:37:42.688553,-0.0111,0.2398,0.0069,0.2443,0.0,0.0,STREAM
2026-02-10T06:37:42.882818,-0.0794,0.2520,0.0378,0.2387,0.0,0.0,STREAM
2026-02-10T06:37:43.075784,-0.1450,0.2538,0.0474,0.2349,0.0,0.0,STREAM
2026-02-10T06:37:43.272401,-0.1680,0.1970,0.0697,0.2269,0.0,0.0,STREAM
2026-02-10T06:37:43.464944,-0.1311,0.2042,0.0602,0.2243,0.0,0.0,STREAM
2026-02-10T06:37:43.659398,-0.1615,0.2118,0.0527,0.2255,0.0,0.0,STREAM
2026-02-10T06:37:43.853235,-0.2009,0.1634,0.0286,0.2225,0.0,0.0,STREAM
2026-02-10T06:37:44.048026,-0.2374,0.1767,0.0008,0.2258,0.0,0.0,STREAM
2026-02-10T06:37:44.240143,-0.2420,0.1597,0.0133,0.2294,0.0,0.0,STREAM
2026-02-10T06:37:44.435414,-0.2586,0.1535,0.0218,0.2351,0.0,0.0,STREAM
2026-02-10T06:37:44.626279,-0.2671,0.1547,0.0202,0.2426,0.0,0.0,STREAM
2026-02-10T06:37:44.820125,-0.2823,0.1491,0.0115,0.2510,0.0,0.0,STREAM
2026-02-10T06:37:45.014116,-0.2924,0.1106,0.0332,0.2566,0.0,0.0,STREAM
2026-02-10T06:37:45.207357,-0.2801,0.0806,0.0125,0.2582,0.0,0.0,STREAM
2026-02-10T06:37:45.402563,-0.2982,0.0835,0.0347,0.2634,0.0,0.0,STREAM
2026-02-10T06:37:45.596676,-0.3045,0.0707,0.0305,0.2684,0.0,0.0,STREAM
2026-02-10T06:37:45.791318,-0.3108,0.0549,0.0375,0.2734,0.0,0.0,STREAM
2026-02-10T06:37:45.986376,-0.3218,0.0416,-0.0122,0.2784,0.0,0.0,STREAM
2026-02-10T06:37:46.176162,-0.3253,0.0337,0.0022,0.2837,0.0,0.0,STREAM
2026-02-10T06:37:46.370569,-0.3355,0.0002,0.0169,0.2889,0.0,0.0,STREAM
2026-02-10T06:37:46.563866,-0.3343,0.0013,-0.0144,0.2938,0.0,0.0,STREAM
2026-02-10T06:37:46.758449,-0.3348,0.0072,-0.0373,0.2987,0.0,0.0,STREAM
2026-02-10T06:37:46.950062,-0.3352,-0.0136,-0.0415,0.3029,0.0,0.0,STREAM
2026-02-10T06:37:47.145470,-0.3155,-0.0220,-0.0230,0.3038,0.0,0.0,STREAM
2026-02-10T06:37:47.337707,-0.2945,-0.0445,0.0083,0.3014,0.0,0.0,STREAM
2026-02-10T06:37:47.725780,-0.2552,-0.0898,0.0391,0.2936,0.0,0.0,STREAM
2026-02-10T06:37:47.920234,-0.2385,-0.1118,0.0490,0.2855,0.0,0.0,STREAM
2026-02-10T06:37:48.286241,-0.2204,-0.1679,0.0307,0.2777,0.0,0.0,STREAM
2026-02-10T06:37:48.484826,-0.2186,-0.2062,0.0399,0.2738,0.0,0.0,STREAM
2026-02-10T06:37:48.684032,-0.1460,-0.2360,0.0714,0.2641,0.0,0.0,STREAM
2026-02-10T06:37:48.883046,-0.1473,-0.2172,0.0266,0.2573,0.0,0.0,STREAM
2026-02-10T06:37:49.079747,-0.0800,-0.1388,-0.0270,0.2382,0.0,0.0,STREAM
2026-02-10T06:37:49.204751,0,0,0,0.0,18.8283652,-98.9453996,MANUAL
2026-02-10T06:37:49.277532,-0.1154,-0.1761,0.0331,0.2309,0.0,0.0,STREAM
2026-02-10T06:37:49.476495,1.3043,-1.5256,-0.0701,0.3321,0.0,0.0,STREAM
2026-02-10T06:37:49.675671,-0.3874,0.0500,-0.5164,0.2850,0.0,0.0,STREAM
2026-02-10T06:37:49.875179,-0.1369,-0.7047,-0.2425,0.3555,0.0,0.0,STREAM
2026-02-10T06:37:50.073896,-0.2111,1.2513,0.2920,0.1300,0.0,0.0,STREAM
2026-02-10T06:37:50.272361,-0.1833,0.9693,0.2121,0.1083,0.0,0.0,STREAM
2026-02-10T06:37:50.471469,-0.1270,0.7234,0.1708,0.1878,0.0,0.0,STREAM
2026-02-10T06:37:50.671511,-0.0949,0.5557,0.1106,0.2420,0.0,0.0,STREAM
2026-02-10T06:37:50.867633,-0.0782,0.4112,0.1063,0.2691,0.0,0.0,STREAM
2026-02-10T06:37:51.066421,-0.0790,0.2924,0.0514,0.2747,0.0,0.0,STREAM
2026-02-10T06:37:51.268026,-0.0515,0.1861,0.0244,0.2626,0.0,0.0,STREAM
2026-02-10T06:37:51.464749,-0.0264,0.1047,0.0625,0.2407,0.0,0.0,STREAM
2026-02-10T06:37:51.662249,-0.0270,0.0540,0.0394,0.2146,0.0,0.0,STREAM
2026-02-10T06:37:51.860999,-0.0387,-0.0041,0.0092,0.1841,0.0,0.0,STREAM
2026-02-10T06:37:52.060028,-0.0215,-0.0421,-0.0251,0.1512,0.0,0.0,STREAM
2026-02-10T06:37:52.337922,-0.0148,-0.0723,-0.0077,0.1195,0.0,0.0,STREAM
2026-02-10T06:37:52.531348,-0.0034,-0.0910,0.0070,0.0903,0.0,0.0,STREAM
2026-02-10T06:37:52.725319,0.0024,-0.1330,-0.0041,0.0607,0.0,0.0,STREAM
2026-02-10T06:37:52.918618,-0.0041,-0.1515,-0.0044,0.0385,0.0,0.0,STREAM
2026-02-10T06:37:53.113585,-0.0103,-0.1666,0.0114,0.0345,0.0,0.0,STREAM
2026-02-10T06:37:53.303498,-0.0049,-0.1975,0.0370,0.0506,0.0,0.0,STREAM
2026-02-10T06:37:53.498596,0.0123,-0.2093,0.0451,0.0718,0.0,0.0,STREAM
2026-02-10T06:37:53.695988,0.0117,-0.2173,0.0683,0.0940,0.0,0.0,STREAM
2026-02-10T06:37:53.887461,-0.0064,-0.2173,-0.0044,0.1110,0.0,0.0,STREAM
2026-02-10T06:37:54.080597,-0.0092,-0.2286,-0.0028,0.1280,0.0,0.0,STREAM
2026-02-10T06:37:54.274680,-0.0138,-0.2391,0.0077,0.1445,0.0,0.0,STREAM
2026-02-10T06:37:54.467188,-0.0150,-0.2353,-0.0048,0.1579,0.0,0.0,STREAM
2026-02-10T06:37:54.660316,0.0163,-0.2591,-0.0062,0.1726,0.0,0.0,STREAM
2026-02-10T06:37:54.854784,0.0085,-0.2583,0.0335,0.1856,0.0,0.0,STREAM
2026-02-10T06:37:55.048986,-0.0036,-0.2658,0.0266,0.1978,0.0,0.0,STREAM
2026-02-10T06:37:55.240704,-0.0055,-0.2722,0.0251,0.2092,0.0,0.0,STREAM
2026-02-10T06:37:55.571099,-0.0055,-0.3069,0.0580,0.2245,0.0,0.0,STREAM
2026-02-10T06:37:55.763646,-0.0019,-0.2943,0.0263,0.2351,0.0,0.0,STREAM
2026-02-10T06:37:56.147040,0.0065,-0.2465,0.0760,0.2379,0.0,0.0,STREAM
2026-02-10T06:37:56.345166,0.0054,-0.2886,0.0673,0.2465,0.0,0.0,STREAM
2026-02-10T06:37:56.544261,0.0038,-0.2432,0.0709,0.2472,0.0,0.0,STREAM
2026-02-10T06:37:56.743427,-0.0209,-0.2023,0.0036,0.2402,0.0,0.0,STREAM
2026-02-10T06:37:56.940166,-0.0126,-0.2506,0.1415,0.2451,0.0,0.0,STREAM
2026-02-10T06:37:57.140721,-0.0339,-0.2246,0.0710,0.2437,0.0,0.0,STREAM
2026-02-10T06:37:57.339454,0.0007,-0.2099,0.0624,0.2399,0.0,0.0,STREAM
2026-02-10T06:37:57.535991,0.0257,-0.1889,0.0862,0.2344,0.0,0.0,STREAM
2026-02-10T06:37:57.734840,-0.0242,-0.1703,0.0325,0.2253,0.0,0.0,STREAM
2026-02-10T06:37:57.900960,0,0,0,0.0,18.828752,-98.9453153,MANUAL
2026-02-10T06:37:57.936771,-0.0184,-0.1555,0.0059,0.2144,0.0,0.0,STREAM
2026-02-10T06:37:58.132049,0.0123,-0.1161,0.0239,0.2000,0.0,0.0,STREAM
2026-02-10T06:37:58.330435,-0.1319,0.8350,0.5356,0.1276,0.0,0.0,STREAM
2026-02-10T06:37:58.530233,-0.3108,-0.0581,-0.1150,0.1155,0.0,0.0,STREAM
2026-02-10T06:37:58.728477,0.2651,-0.1701,-0.8782,0.0884,0.0,0.0,STREAM
2026-02-10T06:37:58.926326,0.2160,-0.1265,-0.6937,0.1722,0.0,0.0,STREAM
2026-02-10T06:37:59.125016,0.1589,-0.0870,-0.5219,0.2265,0.0,0.0,STREAM
2026-02-10T06:37:59.323909,0.1262,-0.0719,-0.3993,0.2553,0.0,0.0,STREAM
2026-02-10T06:37:59.522962,0.0880,-0.0888,-0.2733,0.2619,0.0,0.0,STREAM
2026-02-10T06:37:59.721404,0.0787,-0.0704,-0.2036,0.2568,0.0,0.0,STREAM
2026-02-10T06:37:59.919917,0.0382,-0.0650,-0.1265,0.2401,0.0,0.0,STREAM
2026-02-10T06:38:00.117933,0.0280,-0.0831,-0.0576,0.2171,0.0,0.0,STREAM
2026-02-10T06:38:00.316010,0.0071,-0.0745,-0.0300,0.1929,0.0,0.0,STREAM
2026-02-10T06:38:00.515477,-0.0053,-0.0788,0.0029,0.1683,0.0,0.0,STREAM
2026-02-10T06:38:00.716662,-0.0023,-0.0851,0.0280,0.1457,0.0,0.0,STREAM
2026-02-10T06:38:00.912816,-0.0142,-0.0910,0.0508,0.1254,0.0,0.0,STREAM
2026-02-10T06:38:01.190194,-0.0209,-0.1088,0.0599,0.1111,0.0,0.0,STREAM
2026-02-10T06:38:01.384926,-0.0251,-0.1186,0.0788,0.1018,0.0,0.0,STREAM
2026-02-10T06:38:01.578345,-0.0356,-0.1211,0.0859,0.0979,0.0,0.0,STREAM
2026-02-10T06:38:01.771010,-0.0348,-0.1305,0.0938,0.0997,0.0,0.0,STREAM
2026-02-10T06:38:01.963903,-0.0292,-0.1404,0.1080,0.1058,0.0,0.0,STREAM
2026-02-10T06:38:02.159172,-0.0261,-0.1424,0.1161,0.1138,0.0,0.0,STREAM
2026-02-10T06:38:02.352550,-0.0317,-0.1300,0.1172,0.1205,0.0,0.0,STREAM
2026-02-10T06:38:02.546834,-0.0346,-0.1172,0.1238,0.1260,0.0,0.0,STREAM
2026-02-10T06:38:02.738487,-0.0359,-0.1068,0.1274,0.1305,0.0,0.0,STREAM
2026-02-10T06:38:02.934321,-0.0360,-0.0946,0.1285,0.1336,0.0,0.0,STREAM
2026-02-10T06:38:03.127836,-0.0377,-0.0780,0.1296,0.1350,0.0,0.0,STREAM
2026-02-10T06:38:03.321228,-0.0438,-0.0327,0.1238,0.1314,0.0,0.0,STREAM
2026-02-10T06:38:03.514923,-0.0476,-0.0024,0.1217,0.1263,0.0,0.0,STREAM
2026-02-10T06:38:03.708456,-0.0444,0.0121,0.1260,0.1225,0.0,0.0,STREAM
2026-02-10T06:38:03.902177,-0.0442,0.0241,0.1236,0.1194,0.0,0.0,STREAM
2026-02-10T06:38:04.097578,-0.0444,0.0398,0.1233,0.1173,0.0,0.0,STREAM
2026-02-10T06:38:04.290134,-0.0451,0.0455,0.1222,0.1165,0.0,0.0,STREAM
2026-02-10T06:38:04.483246,-0.0260,0.0481,0.0961,0.1124,0.0,0.0,STREAM
2026-02-10T06:38:04.678040,-0.0282,0.0551,0.1007,0.1104,0.0,0.0,STREAM
2026-02-10T06:38:04.870423,-0.0348,0.0487,0.0963,0.1092,0.0,0.0,STREAM
2026-02-10T06:38:05.062836,-0.0235,0.0423,0.0675,0.1039,0.0,0.0,STREAM
2026-02-10T06:38:05.258079,-0.0268,0.0528,0.0589,0.0989,0.0,0.0,STREAM
2026-02-10T06:38:05.452565,-0.0170,0.0909,0.0257,0.0915,0.0,0.0,STREAM
2026-02-10T06:38:05.644305,-0.0321,0.0891,0.0285,0.0879,0.0,0.0,STREAM
2026-02-10T06:38:05.837005,-0.0101,0.0979,0.0096,0.0835,0.0,0.0,STREAM
2026-02-10T06:38:06.031661,-0.0133,0.1255,-0.0187,0.0815,0.0,0.0,STREAM
2026-02-10T06:38:06.225002,-0.0032,0.1251,-0.0073,0.0831,0.0,0.0,STREAM
2026-02-10T06:38:06.420850,0.0005,0.1364,-0.0075,0.0876,0.0,0.0,STREAM
2026-02-10T06:38:06.612216,-0.0115,0.1479,-0.0090,0.0946,0.0,0.0,STREAM
2026-02-10T06:38:06.806317,-0.0050,0.1582,-0.0100,0.1027,0.0,0.0,STREAM
2026-02-10T06:38:07.002246,-0.0038,0.1784,-0.0042,0.1133,0.0,0.0,STREAM
2026-02-10T06:38:07.195416,-0.0018,0.1896,-0.0108,0.1241,0.0,0.0,STREAM
2026-02-10T06:38:07.389183,0.0054,0.1928,-0.0078,0.1340,0.0,0.0,STREAM
2026-02-10T06:38:07.583242,0.0026,0.2027,-0.0062,0.1441,0.0,0.0,STREAM
2026-02-10T06:38:07.776288,-0.0055,0.2139,-0.0149,0.1544,0.0,0.0,STREAM
2026-02-10T06:38:07.971063,-0.0102,0.2179,-0.0178,0.1639,0.0,0.0,STREAM
2026-02-10T06:38:08.164854,-0.0055,0.2065,-0.0134,0.1703,0.0,0.0,STREAM
2026-02-10T06:38:08.359127,-0.0040,0.1948,-0.0174,0.1740,0.0,0.0,STREAM
2026-02-10T06:38:08.551245,-0.0038,0.1859,-0.0190,0.1759,0.0,0.0,STREAM
2026-02-10T06:38:08.745733,-0.0041,0.1749,-0.0168,0.1758,0.0,0.0,STREAM
2026-02-10T06:38:08.941168,-0.0028,0.1586,-0.0171,0.1733,0.0,0.0,STREAM
2026-02-10T06:38:09.134237,0.0028,0.1140,-0.0104,0.1644,0.0,0.0,STREAM
2026-02-10T06:38:09.328109,0.0056,0.0841,-0.0068,0.1524,0.0,0.0,STREAM
2026-02-10T06:38:09.517918,0.0024,0.0709,-0.0112,0.1403,0.0,0.0,STREAM
2026-02-10T06:38:09.713743,0.0020,0.0591,-0.0071,0.1281,0.0,0.0,STREAM
2026-02-10T06:38:09.908202,0.0009,0.0430,-0.0052,0.1154,0.0,0.0,STREAM
2026-02-10T06:38:10.100882,0.0011,0.0371,-0.0049,0.1037,0.0,0.0,STREAM
2026-02-10T06:38:10.295194,0.0007,0.0311,-0.0064,0.0929,0.0,0.0,STREAM
2026-02-10T06:38:10.489456,0.0005,0.0230,-0.0036,0.0824,0.0,0.0,STREAM
2026-02-10T06:38:10.682348,0.0001,0.0191,-0.0025,0.0729,0.0,0.0,STREAM
2026-02-10T06:38:10.876145,0.0020,0.0126,-0.0024,0.0639,0.0,0.0,STREAM
2026-02-10T06:38:11.071434,0.0021,0.0094,-0.0023,0.0558,0.0,0.0,STREAM
2026-02-10T06:38:11.262982,0.0019,0.0056,-0.0019,0.0483,0.0,0.0,STREAM
2026-02-10T06:38:11.455781,0.0037,0.0042,-0.0015,0.0417,0.0,0.0,STREAM
2026-02-10T06:38:11.651328,0.0032,0.0019,-0.0009,0.0357,0.0,0.0,STREAM
2026-02-10T06:38:11.844388,0.0017,0.0019,0.0054,0.0306,0.0,0.0,STREAM
2026-02-10T06:38:12.041080,0.0004,0.0021,0.0031,0.0263,0.0,0.0,STREAM
2026-02-10T06:38:23.292833,-0.0040,0.1667,-0.0135,0.1097,0.0,0.0,STREAM
2026-02-10T06:38:23.487007,-0.0065,0.1751,-0.0241,0.1197,0.0,0.0,STREAM
2026-02-10T06:38:23.682702,-0.0064,0.1792,-0.0247,0.1289,0.0,0.0,STREAM
2026-02-10T06:38:23.874479,-0.0003,0.1750,-0.0045,0.1357,0.0,0.0,STREAM
2026-02-10T06:38:24.068450,-0.0044,0.1282,-0.0111,0.1347,0.0,0.0,STREAM
2026-02-10T06:38:24.262760,-0.0106,0.0873,0.0010,0.1275,0.0,0.0,STREAM
2026-02-10T06:38:24.455820,-0.0098,0.0671,0.0048,0.1184,0.0,0.0,STREAM
2026-02-10T06:38:24.650196,0.0058,0.0959,-0.0048,0.1150,0.0,0.0,STREAM
2026-02-10T06:38:24.845231,0.0082,0.0989,-0.0207,0.1128,0.0,0.0,STREAM
2026-02-10T06:38:25.032979,-0.0060,0.1007,-0.0223,0.1112,0.0,0.0,STREAM
2026-02-10T06:38:25.152346,-0.3545,-0.1803,-0.0926,0.0902,0.0,0.0,STREAM
2026-02-10T06:38:25.171985,-0.3100,-0.1142,0.0022,0.1036,0.0,0.0,STREAM
2026-02-10T06:38:25.193462,-0.2540,-0.0853,0.0023,0.1207,0.0,0.0,STREAM
2026-02-10T06:38:25.209917,-0.2110,-0.0580,-0.0055,0.1328,0.0,0.0,STREAM
2026-02-10T06:38:25.229415,-0.1718,-0.0312,-0.0079,0.1384,0.0,0.0,STREAM
2026-02-10T06:38:25.254474,-0.1388,-0.0088,-0.0075,0.1384,0.0,0.0,STREAM
2026-02-10T06:38:25.274974,-0.1043,0.0061,-0.0043,0.1333,0.0,0.0,STREAM
2026-02-10T06:38:25.294434,-0.0709,0.0221,0.0050,0.1240,0.0,0.0,STREAM
2026-02-10T06:38:25.307785,-0.0398,0.0366,0.0153,0.1115,0.0,0.0,STREAM
2026-02-10T06:38:25.328581,-0.0113,0.0475,0.0287,0.0972,0.0,0.0,STREAM
2026-02-10T06:38:25.345225,0.0121,0.0563,0.0382,0.0828,0.0,0.0,STREAM
2026-02-10T06:38:25.601615,0.0115,0.0542,0.0334,0.0718,0.0,0.0,STREAM
2026-02-10T06:38:25.794247,0.6023,0.4073,-0.3770,0.1025,0.0,0.0,STREAM
2026-02-10T06:38:25.986684,0.0600,0.2431,-0.6781,0.1828,0.0,0.0,STREAM
2026-02-10T06:38:26.178215,0.1957,-0.0642,-1.1178,0.3067,0.0,0.0,STREAM
2026-02-10T06:38:26.374253,0.1309,-0.0515,-0.8393,0.3836,0.0,0.0,STREAM
2026-02-10T06:38:26.566819,0.1012,-0.0376,-0.6163,0.4181,0.0,0.0,STREAM
2026-02-10T06:38:26.759057,0.0618,-0.0405,-0.5018,0.4302,0.0,0.0,STREAM
2026-02-10T06:38:26.954722,0.0787,-0.0323,-0.3880,0.4245,0.0,0.0,STREAM
2026-02-10T06:38:27.147867,0.0713,0.0025,-0.2614,0.4013,0.0,0.0,STREAM
2026-02-10T06:38:27.341184,0.0792,0.0216,-0.1381,0.3639,0.0,0.0,STREAM
2026-02-10T06:38:27.536078,0.0490,0.0430,-0.0635,0.3206,0.0,0.0,STREAM
2026-02-10T06:38:27.729410,0.0375,0.0405,-0.0487,0.2814,0.0,0.0,STREAM
2026-02-10T06:38:27.922090,0.0575,0.0413,0.0102,0.2406,0.0,0.0,STREAM
2026-02-10T06:38:28.117033,0.0667,0.0407,0.1152,0.1921,0.0,0.0,STREAM
2026-02-10T06:38:28.312155,0.0524,0.0534,0.1334,0.1497,0.0,0.0,STREAM
2026-02-10T06:38:28.504269,0.0388,0.0611,0.1380,0.1152,0.0,0.0,STREAM
2026-02-10T06:38:28.698545,0.0348,0.0667,0.1473,0.0892,0.0,0.0,STREAM
2026-02-10T06:38:28.891102,0.0378,0.0708,0.1489,0.0748,0.0,0.0,STREAM
2026-02-10T06:38:29.085723,0.0351,0.0719,0.1738,0.0715,0.0,0.0,STREAM
2026-02-10T06:38:29.280917,0.0222,0.0759,0.1595,0.0767,0.0,0.0,STREAM
2026-02-10T06:38:29.473365,0.0456,0.0843,0.1893,0.0913,0.0,0.0,STREAM
2026-02-10T06:38:29.665274,0.0382,0.0866,0.2208,0.1096,0.0,0.0,STREAM
2026-02-10T06:38:29.860324,0.0302,0.0850,0.1988,0.1241,0.0,0.0,STREAM
2026-02-10T06:38:30.055902,0.0247,0.0858,0.1729,0.1339,0.0,0.0,STREAM
2026-02-10T06:38:30.249869,0.0394,0.0179,0.2228,0.1447,0.0,0.0,STREAM
2026-02-10T06:38:30.442025,0.0391,-0.0155,0.2168,0.1526,0.0,0.0,STREAM
2026-02-10T06:38:30.636727,0.0542,-0.0591,0.2405,0.1630,0.0,0.0,STREAM
2026-02-10T06:38:30.827897,0.0370,-0.0305,0.2368,0.1730,0.0,0.0,STREAM
2026-02-10T06:38:31.023278,0.0443,-0.0438,0.2305,0.1813,0.0,0.0,STREAM
2026-02-10T06:38:31.214349,0.0408,-0.0507,0.2131,0.1862,0.0,0.0,STREAM
2026-02-10T06:38:31.408811,0.0460,-0.0554,0.2042,0.1897,0.0,0.0,STREAM
2026-02-10T06:38:31.603657,0.0382,-0.0497,0.2384,0.1977,0.0,0.0,STREAM
2026-02-10T06:38:31.798076,0.0343,-0.0677,0.2367,0.2045,0.0,0.0,STREAM
2026-02-10T06:38:31.991395,0.0261,-0.0559,0.2038,0.2053,0.0,0.0,STREAM
2026-02-10T06:38:32.187016,0.0371,-0.0456,0.1568,0.1994,0.0,0.0,STREAM
2026-02-10T06:38:32.380526,0.0337,-0.0421,0.1268,0.1898,0.0,0.0,STREAM
2026-02-10T06:38:32.706984,0.0067,-0.0160,0.1663,0.1861,0.0,0.0,STREAM
2026-02-10T06:38:32.899988,-0.0063,-0.0356,0.1330,0.1783,0.0,0.0,STREAM
2026-02-10T06:38:33.096535,-0.0436,-0.0531,0.0853,0.1647,0.0,0.0,STREAM
2026-02-10T06:38:33.289387,-0.0041,-0.0792,0.0486,0.1498,0.0,0.0,STREAM
2026-02-10T06:38:33.485082,-0.0038,-0.0803,0.0760,0.1417,0.0,0.0,STREAM
2026-02-10T06:38:33.675565,-0.0329,-0.1039,0.0375,0.1312,0.0,0.0,STREAM
2026-02-10T06:38:33.870824,-0.0298,-0.1175,-0.0179,0.1176,0.0,0.0,STREAM
2026-02-10T06:38:34.063121,-0.0280,-0.1426,-0.0271,0.1102,0.0,0.0,STREAM
2026-02-10T06:38:34.259737,0.0055,-0.1764,-0.0030,0.1132,0.0,0.0,STREAM
2026-02-10T06:38:34.453141,-0.0291,-0.1716,0.0190,0.1195,0.0,0.0,STREAM
2026-02-10T06:38:34.645524,-0.0254,-0.1826,0.0069,0.1266,0.0,0.0,STREAM
2026-02-10T06:38:34.840320,-0.0425,-0.2357,0.0091,0.1415,0.0,0.0,STREAM
2026-02-10T06:38:35.030150,-0.0215,-0.2749,0.0387,0.1614,0.0,0.0,STREAM
2026-02-10T06:38:35.285536,-0.0461,-0.3040,0.0575,0.1840,0.0,0.0,STREAM
2026-02-10T06:38:35.476147,-0.0290,-0.2724,0.0285,0.1973,0.0,0.0,STREAM
2026-02-10T06:38:35.843984,-0.0271,-0.2575,0.0954,0.2088,0.0,0.0,STREAM
2026-02-10T06:38:36.043857,-0.0204,-0.2200,0.1177,0.2141,0.0,0.0,STREAM
2026-02-10T06:38:36.241469,-0.0455,-0.1558,-0.0513,0.2033,0.0,0.0,STREAM
2026-02-10T06:38:36.309472,0,0,0,0.0,18.8297392,-98.9447718,MANUAL
2026-02-10T06:38:36.438378,-0.0519,-0.1460,-0.0159,0.1947,0.0,0.0,STREAM
2026-02-10T06:38:36.636956,-0.0212,-0.4313,2.3098,0.4399,0.0,0.0,STREAM
2026-02-10T06:38:36.836626,-0.2053,0.4499,-1.0581,0.2109,0.0,0.0,STREAM
2026-02-10T06:38:37.037225,0.6566,1.0273,0.6861,0.2504,0.0,0.0,STREAM
2026-02-10T06:38:37.236015,0.4949,0.8156,0.5051,0.3451,0.0,0.0,STREAM
2026-02-10T06:38:37.434102,0.3825,0.6128,0.3459,0.4028,0.0,0.0,STREAM
2026-02-10T06:38:37.631322,0.2947,0.4723,0.2133,0.4251,0.0,0.0,STREAM
2026-02-10T06:38:37.829856,0.2047,0.3825,0.1330,0.4243,0.0,0.0,STREAM
2026-02-10T06:38:38.029305,0.1374,0.3079,0.0433,0.4052,0.0,0.0,STREAM
2026-02-10T06:38:38.226861,0.0854,0.2216,0.0105,0.3750,0.0,0.0,STREAM
2026-02-10T06:38:38.426952,0.0488,0.1760,-0.0259,0.3400,0.0,0.0,STREAM
2026-02-10T06:38:38.624575,0.0087,0.1235,-0.0407,0.3014,0.0,0.0,STREAM
2026-02-10T06:38:38.887811,-0.0392,0.0780,-0.0413,0.2608,0.0,0.0,STREAM
2026-02-10T06:38:39.081523,-0.0371,0.0337,-0.0594,0.2205,0.0,0.0,STREAM
2026-02-10T06:38:39.275241,-0.0526,-0.0141,-0.0610,0.1797,0.0,0.0,STREAM
2026-02-10T06:38:39.467217,-0.0612,-0.0270,-0.0532,0.1438,0.0,0.0,STREAM
2026-02-10T06:38:39.663034,-0.0808,-0.0425,-0.0545,0.1111,0.0,0.0,STREAM
2026-02-10T06:38:39.858092,-0.0890,-0.0723,-0.0532,0.0802,0.0,0.0,STREAM
2026-02-10T06:38:40.049589,-0.1039,-0.0936,-0.1105,0.0538,0.0,0.0,STREAM
2026-02-10T06:38:40.245565,-0.0837,-0.1102,-0.1218,0.0413,0.0,0.0,STREAM
2026-02-10T06:38:40.437005,-0.0935,-0.1131,-0.1052,0.0472,0.0,0.0,STREAM
2026-02-10T06:38:40.631317,-0.0909,-0.1094,-0.1308,0.0643,0.0,0.0,STREAM
2026-02-10T06:38:40.825425,-0.1085,-0.1012,-0.1560,0.0858,0.0,0.0,STREAM
2026-02-10T06:38:41.019086,-0.1059,-0.1040,-0.1870,0.1081,0.0,0.0,STREAM
2026-02-10T06:38:41.213030,-0.1131,-0.1150,-0.1921,0.1292,0.0,0.0,STREAM
2026-02-10T06:38:41.404051,-0.0954,-0.1063,-0.1977,0.1461,0.0,0.0,STREAM
2026-02-10T06:38:41.598090,-0.1111,-0.1148,-0.1830,0.1605,0.0,0.0,STREAM
2026-02-10T06:38:41.794749,-0.1186,-0.1095,-0.2099,0.1761,0.0,0.0,STREAM
2026-02-10T06:38:41.987974,-0.1358,-0.1097,-0.2053,0.1901,0.0,0.0,STREAM
2026-02-10T06:38:42.180602,-0.1259,-0.1144,-0.1867,0.1994,0.0,0.0,STREAM
2026-02-10T06:38:42.375124,-0.1069,-0.1231,-0.1708,0.2047,0.0,0.0,STREAM
2026-02-10T06:38:42.567565,-0.0958,-0.1173,-0.1404,0.2047,0.0,0.0,STREAM
2026-02-10T06:38:42.763100,-0.0810,-0.0817,-0.0834,0.1948,0.0,0.0,STREAM
2026-02-10T06:38:42.956533,-0.0753,-0.0941,-0.1370,0.1929,0.0,0.0,STREAM
2026-02-10T06:38:43.151038,-0.0615,-0.0914,-0.1224,0.1885,0.0,0.0,STREAM
2026-02-10T06:38:43.342923,-0.0666,-0.0648,-0.0914,0.1797,0.0,0.0,STREAM
2026-02-10T06:38:43.537451,-0.0763,-0.0729,-0.0369,0.1677,0.0,0.0,STREAM
2026-02-10T06:38:43.732372,-0.0462,-0.0978,-0.0332,0.1573,0.0,0.0,STREAM
2026-02-10T06:38:43.925012,-0.0504,-0.1222,-0.0030,0.1485,0.0,0.0,STREAM
2026-02-10T06:38:44.116882,-0.0334,-0.1207,-0.0128,0.1417,0.0,0.0,STREAM
2026-02-10T06:38:44.311265,-0.0199,-0.1421,0.0377,0.1345,0.0,0.0,STREAM
2026-02-10T06:38:44.502285,-0.0207,-0.1334,0.0022,0.1315,0.0,0.0,STREAM
2026-02-10T06:38:44.699524,0.0190,-0.1347,-0.0358,0.1298,0.0,0.0,STREAM
2026-02-10T06:38:44.893181,0.0032,-0.1172,-0.0398,0.1278,0.0,0.0,STREAM
2026-02-10T06:38:45.087821,-0.0092,-0.0972,-0.0540,0.1250,0.0,0.0,STREAM
2026-02-10T06:38:45.280521,-0.0126,-0.1096,-0.0960,0.1271,0.0,0.0,STREAM
2026-02-10T06:38:45.476026,0.0118,-0.1247,-0.0568,0.1278,0.0,0.0,STREAM
2026-02-10T06:38:45.666476,0.0085,-0.1082,-0.0591,0.1266,0.0,0.0,STREAM
2026-02-10T06:38:45.861588,0.0331,-0.1045,0.0083,0.1207,0.0,0.0,STREAM
2026-02-10T06:38:46.057311,-0.0020,-0.0840,-0.0073,0.1147,0.0,0.0,STREAM
2026-02-10T06:38:46.250869,-0.0003,-0.0992,-0.0231,0.1126,0.0,0.0,STREAM
2026-02-10T06:38:46.444168,0.0053,-0.0919,0.0125,0.1081,0.0,0.0,STREAM
2026-02-10T06:38:46.637072,-0.0008,-0.0852,0.0208,0.1035,0.0,0.0,STREAM
2026-02-10T06:38:46.830976,0.0225,-0.0908,0.0280,0.1005,0.0,0.0,STREAM
2026-02-10T06:38:47.023859,0.0201,-0.0750,0.0544,0.0958,0.0,0.0,STREAM
2026-02-10T06:38:47.216654,0.0131,-0.0730,0.0682,0.0925,0.0,0.0,STREAM
2026-02-10T06:38:47.411273,0.0228,-0.0739,0.0536,0.0907,0.0,0.0,STREAM
2026-02-10T06:38:47.604400,0.0202,-0.0921,0.0654,0.0927,0.0,0.0,STREAM
2026-02-10T06:38:47.798953,0.0410,-0.0954,0.0649,0.0958,0.0,0.0,STREAM
2026-02-10T06:38:47.992690,0.0407,-0.1007,0.0690,0.0998,0.0,0.0,STREAM
2026-02-10T06:38:48.186785,0.0270,-0.1024,0.0635,0.1030,0.0,0.0,STREAM
2026-02-10T06:38:48.379980,0.0061,-0.1152,0.0416,0.1058,0.0,0.0,STREAM
2026-02-10T06:38:48.575276,0.0115,-0.1282,0.0159,0.1088,0.0,0.0,STREAM
2026-02-10T06:38:48.766770,-0.0123,-0.1347,0.0607,0.1142,0.0,0.0,STREAM
2026-02-10T06:38:48.961540,0.0067,-0.1396,0.0865,0.1213,0.0,0.0,STREAM
2026-02-10T06:38:49.155160,0.0023,-0.1135,0.0671,0.1227,0.0,0.0,STREAM
2026-02-10T06:38:49.350614,0.0296,-0.1063,0.0517,0.1223,0.0,0.0,STREAM
2026-02-10T06:38:49.541711,0.0133,-0.1078,0.0604,0.1226,0.0,0.0,STREAM
2026-02-10T06:38:49.735524,0.0349,-0.1140,0.0699,0.1246,0.0,0.0,STREAM
2026-02-10T06:38:49.929489,0.0262,-0.0874,0.0436,0.1210,0.0,0.0,STREAM
2026-02-10T06:38:50.124610,0.0034,-0.0551,-0.0602,0.1070,0.0,0.0,STREAM
2026-02-10T06:38:50.316819,0.0147,-0.0638,-0.0401,0.0986,0.0,0.0,STREAM
2026-02-10T06:38:50.512447,-0.0021,-0.0687,-0.0102,0.0933,0.0,0.0,STREAM
2026-02-10T06:38:50.704484,-0.0111,-0.0750,0.0258,0.0909,0.0,0.0,STREAM
2026-02-10T06:38:50.900230,0.0059,-0.0795,0.0364,0.0901,0.0,0.0,STREAM
2026-02-10T06:38:51.090562,0.0268,-0.0629,0.0514,0.0882,0.0,0.0,STREAM
2026-02-10T06:38:51.287815,0.0008,-0.0250,0.0115,0.0791,0.0,0.0,STREAM
2026-02-10T06:38:51.481213,0.0059,-0.0225,-0.0167,0.0698,0.0,0.0,STREAM
2026-02-10T06:38:51.675363,-0.0090,-0.0439,-0.0104,0.0652,0.0,0.0,STREAM
2026-02-10T06:38:51.866814,-0.0117,-0.0664,0.0209,0.0656,0.0,0.0,STREAM
2026-02-10T06:38:52.061418,-0.0223,-0.0666,0.0205,0.0661,0.0,0.0,STREAM
2026-02-10T06:38:53.030501,-0.0325,-0.1899,-0.0167,0.1103,0.0,0.0,STREAM
2026-02-10T06:38:53.222621,-0.0231,-0.1987,0.0011,0.1238,0.0,0.0,STREAM
2026-02-10T06:38:53.414969,-0.0064,-0.1941,-0.0022,0.1342,0.0,0.0,STREAM
2026-02-10T06:38:53.610058,-0.0229,-0.1817,-0.0256,0.1416,0.0,0.0,STREAM
2026-02-10T06:38:53.803950,-0.0211,-0.1962,-0.0090,0.1500,0.0,0.0,STREAM
2026-02-10T06:38:53.998986,-0.0221,-0.1810,-0.0376,0.1552,0.0,0.0,STREAM
2026-02-10T06:38:54.192219,-0.0225,-0.1735,-0.0583,0.1588,0.0,0.0,STREAM
2026-02-10T06:38:54.387461,-0.0228,-0.1904,-0.0112,0.1638,0.0,0.0,STREAM
2026-02-10T06:38:54.579332,0.0069,-0.1735,-0.0176,0.1651,0.0,0.0,STREAM
2026-02-10T06:38:54.772183,0.0038,-0.1749,-0.0186,0.1666,0.0,0.0,STREAM
2026-02-10T06:38:54.964690,0.0238,-0.1854,0.0190,0.1688,0.0,0.0,STREAM
2026-02-10T06:38:55.160558,0.0011,-0.1743,0.0133,0.1694,0.0,0.0,STREAM
2026-02-10T06:38:55.354879,-0.0092,-0.1689,-0.0021,0.1694,0.0,0.0,STREAM
2026-02-10T06:38:55.548723,-0.0094,-0.1417,-0.0192,0.1654,0.0,0.0,STREAM
2026-02-10T06:38:55.742323,-0.0079,-0.1537,0.0041,0.1636,0.0,0.0,STREAM
2026-02-10T06:38:55.935061,0.0131,-0.1821,0.0486,0.1662,0.0,0.0,STREAM
2026-02-10T06:38:56.129341,0.0046,-0.1687,0.0405,0.1667,0.0,0.0,STREAM
2026-02-10T06:38:56.322842,-0.0043,-0.1654,0.0377,0.1668,0.0,0.0,STREAM
2026-02-10T06:38:56.516334,0.0019,-0.1731,0.0036,0.1677,0.0,0.0,STREAM
2026-02-10T06:38:56.710721,-0.0040,-0.1720,0.0026,0.1683,0.0,0.0,STREAM
2026-02-10T06:38:56.904321,-0.0130,-0.1626,0.0029,0.1675,0.0,0.0,STREAM
2026-02-10T06:38:57.098076,0.0006,-0.1589,-0.0120,0.1661,0.0,0.0,STREAM
2026-02-10T06:38:57.291263,-0.0082,-0.1346,0.0145,0.1615,0.0,0.0,STREAM
2026-02-10T06:38:57.485899,-0.0156,-0.0917,-0.0074,0.1510,0.0,0.0,STREAM
2026-02-10T06:38:57.681060,-0.0006,-0.0714,-0.0170,0.1390,0.0,0.0,STREAM
2026-02-10T06:38:57.873417,0.0201,-0.0443,-0.0229,0.1247,0.0,0.0,STREAM
2026-02-10T06:38:58.063899,0.0227,-0.0226,0.0070,0.1094,0.0,0.0,STREAM
2026-02-10T06:38:58.258958,0.0110,-0.0207,0.0428,0.0963,0.0,0.0,STREAM
2026-02-10T06:38:58.454023,0.0076,0.0093,0.0241,0.0808,0.0,0.0,STREAM
2026-02-10T06:38:58.647331,0.0065,0.0266,0.0069,0.0649,0.0,0.0,STREAM
2026-02-10T06:38:58.843112,0.0057,0.0452,0.0057,0.0487,0.0,0.0,STREAM
2026-02-10T06:38:59.035099,-0.0021,0.0957,-0.0173,0.0269,0.0,0.0,STREAM
2026-02-10T06:38:59.228580,-0.0116,0.1286,-0.0041,0.0044,0.0,0.0,STREAM
2026-02-10T06:38:59.422219,-0.0004,0.1282,0.0133,0.0172,0.0,0.0,STREAM
2026-02-10T06:38:59.615297,-0.0106,0.1573,-0.0245,0.0377,0.0,0.0,STREAM
2026-02-10T06:38:59.807324,-0.0154,0.1649,-0.0073,0.0569,0.0,0.0,STREAM
2026-02-10T06:39:00.003355,-0.0069,0.1701,0.0024,0.0739,0.0,0.0,STREAM
2026-02-10T06:39:00.391015,-0.0172,0.1946,-0.0161,0.1072,0.0,0.0,STREAM
2026-02-10T06:39:00.586294,-0.0218,0.2044,-0.0224,0.1221,0.0,0.0,STREAM
2026-02-10T06:39:00.780397,-0.0285,0.2016,-0.0287,0.1344,0.0,0.0,STREAM
2026-02-10T06:39:00.971726,-0.0231,0.2001,-0.0233,0.1447,0.0,0.0,STREAM
2026-02-10T06:39:01.164897,-0.0070,0.2067,-0.0159,0.1540,0.0,0.0,STREAM
2026-02-10T06:39:01.359236,-0.0130,0.2007,-0.0082,0.1611,0.0,0.0,STREAM
2026-02-10T06:39:01.554484,-0.0149,0.2036,-0.0109,0.1676,0.0,0.0,STREAM
2026-02-10T06:39:01.747554,-0.0252,0.2118,-0.0036,0.1744,0.0,0.0,STREAM
2026-02-10T06:39:01.941340,-0.0157,0.2063,0.0039,0.1792,0.0,0.0,STREAM
2026-02-10T06:39:02.134830,-0.0043,0.2195,-0.0090,0.1852,0.0,0.0,STREAM
2026-02-10T06:39:02.328154,-0.0056,0.2320,-0.0081,0.1922,0.0,0.0,STREAM
2026-02-10T06:39:02.521673,-0.0033,0.2411,-0.0177,0.1996,0.0,0.0,STREAM
2026-02-10T06:39:02.715328,-0.0153,0.2238,-0.0127,0.2034,0.0,0.0,STREAM
2026-02-10T06:39:02.909054,-0.0177,0.1992,-0.0066,0.2029,0.0,0.0,STREAM
2026-02-10T06:39:03.104215,-0.0096,0.1742,-0.0101,0.1986,0.0,0.0,STREAM
2026-02-10T06:39:03.296450,-0.0035,0.1617,-0.0121,0.1931,0.0,0.0,STREAM
2026-02-10T06:39:03.486672,-0.0060,0.1530,-0.0134,0.1872,0.0,0.0,STREAM
2026-02-10T06:39:03.681977,-0.0117,0.1380,-0.0113,0.1800,0.0,0.0,STREAM
2026-02-10T06:39:03.875558,-0.0132,0.1287,-0.0142,0.1724,0.0,0.0,STREAM
2026-02-10T06:39:04.070615,-0.0070,0.1241,-0.0110,0.1653,0.0,0.0,STREAM
2026-02-10T06:39:04.263467,-0.0030,0.1227,-0.0089,0.1589,0.0,0.0,STREAM
2026-02-10T06:39:04.458228,-0.0053,0.1225,-0.0103,0.1535,0.0,0.0,STREAM
2026-02-10T06:39:04.652247,-0.0083,0.1235,-0.0126,0.1492,0.0,0.0,STREAM
2026-02-10T06:39:04.846793,-0.0045,0.0895,-0.0078,0.1403,0.0,0.0,STREAM
2026-02-10T06:39:05.039792,-0.0018,0.0628,-0.0040,0.1287,0.0,0.0,STREAM
2026-02-10T06:39:05.233389,-0.0011,0.0531,-0.0025,0.1173,0.0,0.0,STREAM
2026-02-10T06:39:05.425518,-0.0018,0.0470,-0.0057,0.1068,0.0,0.0,STREAM
2026-02-10T06:39:05.619308,-0.0016,0.0329,-0.0043,0.0958,0.0,0.0,STREAM
2026-02-10T06:39:05.813482,-0.0008,0.0267,-0.0012,0.0854,0.0,0.0,STREAM
2026-02-10T06:39:06.007019,0.0016,0.0217,-0.0015,0.0759,0.0,0.0,STREAM
2026-02-10T06:39:06.202644,0.0008,0.0168,-0.0012,0.0670,0.0,0.0,STREAM
2026-02-10T06:39:06.395896,-0.0002,0.0131,0.0000,0.0589,0.0,0.0,STREAM
2026-02-10T06:39:06.589554,-0.0008,0.0097,-0.0007,0.0515,0.0,0.0,STREAM
2026-02-10T06:39:06.783848,0.0005,0.0074,0.0002,0.0449,0.0,0.0,STREAM
2026-02-10T06:39:06.977327,0.0011,0.0052,0.0003,0.0389,0.0,0.0,STREAM
2026-02-10T06:39:07.170820,0.0006,0.0031,0.0001,0.0336,0.0,0.0,STREAM
2026-02-10T06:39:07.362298,0.0004,0.0025,0.0005,0.0289,0.0,0.0,STREAM
2026-02-10T06:39:48.646472,-0.0086,0.1454,-0.0161,0.1004,0.0,0.0,STREAM
2026-02-10T06:39:48.839855,-0.0060,0.1543,-0.0183,0.1087,0.0,0.0,STREAM
2026-02-10T06:39:49.031499,-0.0157,0.1606,-0.0070,0.1165,0.0,0.0,STREAM
2026-02-10T06:39:49.226525,-0.0135,0.1675,-0.0095,0.1243,0.0,0.0,STREAM
2026-02-10T06:39:49.420731,-0.0167,0.1577,-0.0240,0.1296,0.0,0.0,STREAM
2026-02-10T06:39:49.616386,-0.0116,0.1285,-0.0237,0.1298,0.0,0.0,STREAM
2026-02-10T06:39:49.807433,-0.0003,0.1183,-0.0196,0.1282,0.0,0.0,STREAM
2026-02-10T06:39:50.000891,0.0046,0.0893,0.0066,0.1222,0.0,0.0,STREAM
2026-02-10T06:39:50.196177,0.0118,0.0845,-0.0037,0.1165,0.0,0.0,STREAM
2026-02-10T06:39:50.388661,-0.0011,0.0980,-0.0353,0.1142,0.0,0.0,STREAM
2026-02-10T06:39:50.581008,-0.0356,0.1063,-0.0532,0.1142,0.0,0.0,STREAM
2026-02-10T06:39:51.045786,-0.0157,0.0707,-0.0283,0.1084,0.0,0.0,STREAM
2026-02-10T06:39:51.237549,-0.0055,0.0818,-0.0540,0.1059,0.0,0.0,STREAM
2026-02-10T06:39:51.500684,-0.0296,0.0786,-0.0776,0.1050,0.0,0.0,STREAM
2026-02-10T06:39:51.698625,-0.0529,0.0676,-0.0710,0.1035,0.0,0.0,STREAM
2026-02-10T06:39:51.899130,-0.0247,0.0681,-0.0639,0.1017,0.0,0.0,STREAM
2026-02-10T06:39:52.099802,0.0091,0.0530,-0.0296,0.0952,0.0,0.0,STREAM
2026-02-10T06:39:52.149045,0,0,0,0.0,18.8316587,-98.9445422,MANUAL
2026-02-10T06:39:52.294145,0.0174,0.0453,-0.0362,0.0890,0.0,0.0,STREAM
2026-02-10T06:39:52.492569,-0.0068,0.0626,-0.0329,0.0863,0.0,0.0,STREAM
2026-02-10T06:39:52.692430,-0.6826,0.8450,-0.0604,0.2251,0.0,0.0,STREAM
2026-02-10T06:39:52.892907,1.0316,-0.2097,0.4598,0.1486,0.0,0.0,STREAM
2026-02-10T06:39:53.089364,0.8250,-0.1613,0.3762,0.2136,0.0,0.0,STREAM
2026-02-10T06:39:53.287981,0.6327,-0.1254,0.3089,0.2769,0.0,0.0,STREAM
2026-02-10T06:39:53.487765,0.4549,-0.0904,0.2312,0.3089,0.0,0.0,STREAM
2026-02-10T06:39:53.686342,0.3342,-0.0600,0.1573,0.3170,0.0,0.0,STREAM
2026-02-10T06:39:53.883340,0.2531,-0.0278,0.1121,0.3107,0.0,0.0,STREAM
2026-02-10T06:39:54.083150,0.1765,-0.0036,0.0719,0.2926,0.0,0.0,STREAM
2026-02-10T06:39:54.281343,0.1103,0.0090,0.0551,0.2672,0.0,0.0,STREAM
2026-02-10T06:39:54.534425,0.0642,-0.0134,0.0608,0.2397,0.0,0.0,STREAM
2026-02-10T06:39:54.727333,0.0170,-0.0202,0.0006,0.2060,0.0,0.0,STREAM
2026-02-10T06:39:54.920947,-0.0230,-0.0334,-0.0193,0.1708,0.0,0.0,STREAM
2026-02-10T06:39:55.114298,-0.0509,-0.0256,-0.0523,0.1350,0.0,0.0,STREAM
2026-02-10T06:39:55.308955,-0.0561,-0.0243,-0.0728,0.1031,0.0,0.0,STREAM
2026-02-10T06:39:55.503282,-0.0751,-0.0329,-0.0733,0.0743,0.0,0.0,STREAM
2026-02-10T06:39:55.698132,-0.0973,-0.0384,-0.0524,0.0490,0.0,0.0,STREAM
2026-02-10T06:39:55.888290,-0.0957,-0.0598,-0.0279,0.0335,0.0,0.0,STREAM
2026-02-10T06:39:56.084189,-0.1032,-0.0679,-0.0585,0.0307,0.0,0.0,STREAM
2026-02-10T06:39:56.276411,-0.1189,-0.0737,-0.0404,0.0403,0.0,0.0,STREAM
2026-02-10T06:39:56.473296,-0.1365,-0.0780,-0.0279,0.0549,0.0,0.0,STREAM
2026-02-10T06:39:56.663578,-0.1260,-0.0756,-0.0913,0.0708,0.0,0.0,STREAM
2026-02-10T06:39:56.856646,-0.1191,-0.0825,-0.0946,0.0855,0.0,0.0,STREAM
2026-02-10T06:39:56.924427,0,0,0,0.0,18.8316587,-98.9445422,MANUAL
2026-02-10T06:39:57.227513,-0.9374,-2.3666,-1.4683,0.5083,0.0,0.0,STREAM
2026-02-10T06:39:57.421086,-0.3568,-0.1993,-0.3388,0.5022,0.0,0.0,STREAM
2026-02-10T06:39:57.613257,1.4790,-0.8988,2.8382,0.4938,0.0,0.0,STREAM
2026-02-10T06:39:57.807018,1.0882,-0.6687,2.1919,0.7220,0.0,0.0,STREAM
2026-02-10T06:39:58.002726,0.8424,-0.5365,1.6459,0.8821,0.0,0.0,STREAM
2026-02-10T06:39:58.195674,0.6384,-0.3917,1.2537,0.9601,0.0,0.0,STREAM
2026-02-10T06:39:58.389749,0.4466,-0.2510,0.8926,0.9656,0.0,0.0,STREAM
2026-02-10T06:39:58.583284,0.3184,-0.1998,0.5721,0.9218,0.0,0.0,STREAM
2026-02-10T06:39:58.774700,0.2056,-0.1250,0.3355,0.8445,0.0,0.0,STREAM
2026-02-10T06:39:58.970845,0.0846,-0.0410,0.1614,0.7452,0.0,0.0,STREAM
2026-02-10T06:39:59.163475,0.0017,0.0042,0.0350,0.6375,0.0,0.0,STREAM
2026-02-10T06:39:59.358804,-0.0660,0.0919,-0.0606,0.5249,0.0,0.0,STREAM
2026-02-10T06:39:59.551701,-0.1191,0.0978,-0.0839,0.4230,0.0,0.0,STREAM
2026-02-10T06:39:59.745727,-0.1713,0.0989,-0.1371,0.3273,0.0,0.0,STREAM
2026-02-10T06:39:59.939558,-0.2041,0.1169,-0.2797,0.2258,0.0,0.0,STREAM
2026-02-10T06:40:00.132921,-0.2132,0.1778,-0.3186,0.1320,0.0,0.0,STREAM
2026-02-10T06:40:00.327818,-0.2583,0.2089,-0.3470,0.0566,0.0,0.0,STREAM
2026-02-10T06:40:00.520637,-0.2720,0.2014,-0.3924,0.0657,0.0,0.0,STREAM
2026-02-10T06:40:00.715267,-0.2632,0.2055,-0.4010,0.1265,0.0,0.0,STREAM
2026-02-10T06:40:00.907281,-0.2908,0.2294,-0.4141,0.1893,0.0,0.0,STREAM
2026-02-10T06:40:01.100276,-0.2945,0.2324,-0.4333,0.2462,0.0,0.0,STREAM
2026-02-10T06:40:01.295913,-0.2970,0.2369,-0.4080,0.2927,0.0,0.0,STREAM
2026-02-10T06:40:01.490469,-0.2991,0.2573,-0.4455,0.3378,0.0,0.0,STREAM
2026-02-10T06:40:01.682164,-0.3019,0.2563,-0.4568,0.3777,0.0,0.0,STREAM
2026-02-10T06:40:01.876533,-0.2915,0.2669,-0.4645,0.4123,0.0,0.0,STREAM
2026-02-10T06:40:02.070826,-0.2911,0.2641,-0.4940,0.4449,0.0,0.0,STREAM
2026-02-10T06:40:02.261128,-0.2956,0.2180,-0.4643,0.4668,0.0,0.0,STREAM
2026-02-10T06:40:02.455765,-0.2771,0.1773,-0.4596,0.4811,0.0,0.0,STREAM
2026-02-10T06:40:02.650372,-0.2756,0.1713,-0.4233,0.4887,0.0,0.0,STREAM
2026-02-10T06:40:02.843840,-0.2849,0.1795,-0.4146,0.4954,0.0,0.0,STREAM
2026-02-10T06:40:03.038391,-0.2860,0.1846,-0.4541,0.5061,0.0,0.0,STREAM
2026-02-10T06:40:03.231927,-0.2261,0.1493,-0.3410,0.4955,0.0,0.0,STREAM
2026-02-10T06:40:03.424838,-0.2171,0.1500,-0.3195,0.4833,0.0,0.0,STREAM
2026-02-10T06:40:03.620189,-0.1409,0.1371,-0.2899,0.4630,0.0,0.0,STREAM
2026-02-10T06:40:03.813289,-0.1424,0.1539,-0.2005,0.4364,0.0,0.0,STREAM
2026-02-10T06:40:04.005318,-0.1396,0.1411,-0.2248,0.4157,0.0,0.0,STREAM
2026-02-10T06:40:04.202366,-0.1054,0.0862,-0.1278,0.3811,0.0,0.0,STREAM
2026-02-10T06:40:04.390879,-0.0818,0.1008,-0.0352,0.3404,0.0,0.0,STREAM
2026-02-10T06:40:04.584440,-0.0863,0.0768,0.0018,0.3010,0.0,0.0,STREAM
2026-02-10T06:40:04.780884,-0.0300,0.0425,0.0278,0.2583,0.0,0.0,STREAM
2026-02-10T06:40:04.975729,-0.0479,0.0403,0.0273,0.2237,0.0,0.0,STREAM
2026-02-10T06:40:05.167402,-0.0257,-0.0039,0.0163,0.1905,0.0,0.0,STREAM
2026-02-10T06:40:05.362417,-0.0202,0.0242,-0.0403,0.1694,0.0,0.0,STREAM
2026-02-10T06:40:05.556222,0.0116,0.0326,0.0151,0.1439,0.0,0.0,STREAM
2026-02-10T06:40:05.751092,0.0106,0.0372,0.0840,0.1169,0.0,0.0,STREAM
2026-02-10T06:40:05.942928,-0.0003,0.0009,0.0430,0.0960,0.0,0.0,STREAM
2026-02-10T06:40:06.138105,0.0191,-0.0251,0.0367,0.0748,0.0,0.0,STREAM
2026-02-10T06:40:06.331983,0.0281,-0.0170,0.0467,0.0561,0.0,0.0,STREAM
2026-02-10T06:40:06.527363,0.0193,-0.0067,0.0487,0.0425,0.0,0.0,STREAM
2026-02-10T06:40:06.716537,0.0374,-0.0373,0.0175,0.0278,0.0,0.0,STREAM
2026-02-10T06:40:06.913524,0.0321,-0.0525,0.0332,0.0137,0.0,0.0,STREAM
2026-02-10T06:40:07.107360,0.0265,-0.0591,-0.0006,0.0051,0.0,0.0,STREAM
2026-02-10T06:40:07.298337,0.0168,-0.0523,0.0184,0.0090,0.0,0.0,STREAM
2026-02-10T06:40:07.496190,0.0196,-0.0362,-0.0197,0.0132,0.0,0.0,STREAM
2026-02-10T06:40:07.689521,0.0152,-0.0557,-0.0237,0.0204,0.0,0.0,STREAM
2026-02-10T06:40:39.651010,-0.0351,-0.1111,0.1223,0.1057,0.0,0.0,STREAM
2026-02-10T06:40:39.846810,-0.0583,-0.1430,0.1684,0.1236,0.0,0.0,STREAM
2026-02-10T06:40:40.037229,-0.0396,-0.1214,0.1224,0.1315,0.0,0.0,STREAM
2026-02-10T06:40:40.232520,-0.0497,-0.1021,0.0932,0.1336,0.0,0.0,STREAM
2026-02-10T06:40:40.427801,-0.0737,-0.0788,0.0452,0.1292,0.0,0.0,STREAM
2026-02-10T06:40:40.621525,-0.0554,-0.0738,0.0778,0.1276,0.0,0.0,STREAM
2026-02-10T06:40:40.814920,-0.0664,-0.0662,0.0723,0.1255,0.0,0.0,STREAM
2026-02-10T06:40:41.007100,-0.0176,-0.1151,0.1847,0.1377,0.0,0.0,STREAM
2026-02-10T06:40:41.201421,0.0120,-0.1242,0.2199,0.1525,0.0,0.0,STREAM
2026-02-10T06:40:41.395111,0.0048,-0.1233,0.1826,0.1619,0.0,0.0,STREAM
2026-02-10T06:40:41.587226,0.0028,-0.1222,0.1152,0.1623,0.0,0.0,STREAM
2026-02-10T06:40:41.779375,0.0075,-0.1692,0.0858,0.1642,0.0,0.0,STREAM
2026-02-10T06:40:41.976247,0.0036,-0.1378,-0.0130,0.1532,0.0,0.0,STREAM
2026-02-10T06:40:42.168408,-0.0148,-0.1121,-0.0181,0.1421,0.0,0.0,STREAM
2026-02-10T06:40:42.363439,-0.0376,-0.0993,-0.0566,0.1298,0.0,0.0,STREAM
2026-02-10T06:40:42.557275,-0.0150,-0.0621,-0.1252,0.1121,0.0,0.0,STREAM
2026-02-10T06:40:42.751402,-0.0405,-0.0756,-0.1165,0.1040,0.0,0.0,STREAM
2026-02-10T06:40:42.945239,-0.0310,-0.0663,-0.1004,0.0989,0.0,0.0,STREAM
2026-02-10T06:40:43.136704,-0.0094,-0.0666,-0.0212,0.0944,0.0,0.0,STREAM
2026-02-10T06:40:43.330764,-0.0014,-0.0389,-0.0429,0.0867,0.0,0.0,STREAM
2026-02-10T06:40:43.527723,0.0215,-0.0689,0.0498,0.0825,0.0,0.0,STREAM
2026-02-10T06:40:43.719172,0.0059,-0.0558,0.0638,0.0784,0.0,0.0,STREAM
2026-02-10T06:40:43.914312,-0.0047,-0.0743,0.0560,0.0788,0.0,0.0,STREAM
2026-02-10T06:40:44.107543,-0.0059,-0.0966,0.0778,0.0837,0.0,0.0,STREAM
2026-02-10T06:40:44.299162,0.0084,-0.0743,0.0390,0.0834,0.0,0.0,STREAM
2026-02-10T06:40:44.496258,0.0039,-0.1070,0.0388,0.0879,0.0,0.0,STREAM
2026-02-10T06:40:44.688710,0.0151,-0.1301,0.0370,0.0949,0.0,0.0,STREAM
2026-02-10T06:40:45.073998,-0.0023,-0.1192,0.0035,0.1006,0.0,0.0,STREAM
2026-02-10T06:40:45.269169,-0.0028,-0.1241,0.0098,0.1041,0.0,0.0,STREAM
2026-02-10T06:40:45.462640,0.0093,-0.1357,-0.0026,0.1085,0.0,0.0,STREAM
2026-02-10T06:40:45.657030,0.0355,-0.1331,-0.0441,0.1116,0.0,0.0,STREAM
2026-02-10T06:40:45.850917,0.0114,-0.1396,-0.0297,0.1157,0.0,0.0,STREAM
2026-02-10T06:40:46.045481,0.0238,-0.1473,0.0105,0.1207,0.0,0.0,STREAM
2026-02-10T06:40:46.239064,0.0224,-0.1181,-0.0585,0.1207,0.0,0.0,STREAM
2026-02-10T06:40:46.433480,0.0214,-0.1131,-0.0866,0.1211,0.0,0.0,STREAM
2026-02-10T06:40:46.625577,-0.0139,-0.1371,-0.0636,0.1246,0.0,0.0,STREAM
2026-02-10T06:40:46.819227,-0.0221,-0.1120,-0.0897,0.1253,0.0,0.0,STREAM
2026-02-10T06:40:47.013241,-0.0371,-0.0731,-0.0837,0.1208,0.0,0.0,STREAM
2026-02-10T06:40:47.204727,-0.0427,-0.0173,-0.1423,0.1145,0.0,0.0,STREAM
2026-02-10T06:40:47.401002,-0.0478,-0.0111,-0.1162,0.1091,0.0,0.0,STREAM
2026-02-10T06:40:47.594720,-0.0615,-0.0038,-0.0945,0.1038,0.0,0.0,STREAM
2026-02-10T06:40:47.789458,-0.0272,-0.0477,0.0007,0.0943,0.0,0.0,STREAM
2026-02-10T06:40:47.981901,-0.0091,-0.0621,0.0364,0.0845,0.0,0.0,STREAM
2026-02-10T06:40:48.176642,0.0048,-0.0663,0.0449,0.0769,0.0,0.0,STREAM
2026-02-10T06:40:48.368760,-0.0193,-0.0710,0.0920,0.0718,0.0,0.0,STREAM
2026-02-10T06:40:48.563783,-0.0139,-0.1098,0.0898,0.0765,0.0,0.0,STREAM
2026-02-10T06:40:48.756746,-0.0039,-0.1129,0.0718,0.0827,0.0,0.0,STREAM
2026-02-10T06:40:48.947976,-0.0143,-0.0838,-0.0177,0.0826,0.0,0.0,STREAM
2026-02-10T06:40:49.144359,-0.0013,-0.1103,0.0158,0.0867,0.0,0.0,STREAM
2026-02-10T06:40:49.338615,-0.0178,-0.1128,-0.0210,0.0906,0.0,0.0,STREAM
2026-02-10T06:40:49.532052,-0.0098,-0.1312,-0.0033,0.0966,0.0,0.0,STREAM
2026-02-10T06:40:49.723925,-0.0015,-0.1218,-0.0069,0.1003,0.0,0.0,STREAM
2026-02-10T06:40:49.920007,-0.0000,-0.0988,-0.0360,0.1000,0.0,0.0,STREAM
2026-02-10T06:40:50.110806,-0.0004,-0.1105,-0.0246,0.1017,0.0,0.0,STREAM
2026-02-10T06:40:50.307354,-0.0195,-0.0685,-0.0324,0.0974,0.0,0.0,STREAM
2026-02-10T06:40:50.500754,-0.0331,-0.0704,-0.0433,0.0946,0.0,0.0,STREAM
2026-02-10T06:40:50.695278,-0.0115,-0.0571,-0.0633,0.0910,0.0,0.0,STREAM
2026-02-10T06:40:50.887821,-0.0090,-0.0487,-0.0371,0.0860,0.0,0.0,STREAM
2026-02-10T06:40:51.082674,-0.0040,-0.0407,-0.0598,0.0818,0.0,0.0,STREAM
2026-02-10T06:40:51.274534,-0.0004,-0.0379,-0.0584,0.0783,0.0,0.0,STREAM
2026-02-10T06:40:51.469617,0.0019,-0.0048,-0.0587,0.0714,0.0,0.0,STREAM
2026-02-10T06:40:51.663630,0.0150,0.0209,-0.0595,0.0633,0.0,0.0,STREAM
2026-02-10T06:40:51.856731,-0.0004,0.0284,-0.0475,0.0558,0.0,0.0,STREAM
2026-02-10T06:40:52.051092,0.0060,0.0166,0.0081,0.0449,0.0,0.0,STREAM
2026-02-10T06:40:55.924590,0.0036,0.1454,-0.0165,0.1043,0.0,0.0,STREAM
2026-02-10T06:40:56.117550,0.0227,0.1206,-0.0026,0.1069,0.0,0.0,STREAM
2026-02-10T06:40:56.311309,0.0246,0.1350,-0.0100,0.1114,0.0,0.0,STREAM
2026-02-10T06:40:56.502487,-0.0040,0.1258,-0.0231,0.1136,0.0,0.0,STREAM
2026-02-10T06:40:56.698927,0.0076,0.1110,-0.0250,0.1137,0.0,0.0,STREAM
2026-02-10T06:40:56.894171,-0.0033,0.1057,0.0037,0.1121,0.0,0.0,STREAM
2026-02-10T06:40:57.086186,-0.0048,0.1129,-0.0127,0.1122,0.0,0.0,STREAM
2026-02-10T06:40:57.278551,-0.0075,0.1000,0.0159,0.1100,0.0,0.0,STREAM
2026-02-10T06:40:57.475660,-0.0048,0.0676,0.0191,0.1034,0.0,0.0,STREAM
2026-02-10T06:40:57.666720,0.0040,0.0526,-0.0004,0.0958,0.0,0.0,STREAM
2026-02-10T06:40:57.861994,-0.0005,0.0333,0.0040,0.0864,0.0,0.0,STREAM
2026-02-10T06:40:58.056922,-0.0133,0.0375,0.0123,0.0789,0.0,0.0,STREAM
2026-02-10T06:40:58.247922,-0.0078,0.0452,0.0223,0.0739,0.0,0.0,STREAM
2026-02-10T06:40:58.440159,-0.0003,0.0350,0.0168,0.0682,0.0,0.0,STREAM
2026-02-10T06:40:58.637291,0.0060,0.0332,0.0078,0.0630,0.0,0.0,STREAM
2026-02-10T06:40:58.829741,-0.0108,0.0460,0.0129,0.0606,0.0,0.0,STREAM
2026-02-10T06:40:59.024094,-0.0277,0.0531,0.0036,0.0597,0.0,0.0,STREAM
2026-02-10T06:40:59.215506,-0.0246,0.0437,-0.0020,0.0576,0.0,0.0,STREAM
2026-02-10T06:40:59.410944,-0.0209,0.0746,-0.0192,0.0604,0.0,0.0,STREAM
2026-02-10T06:41:21.804274,-0.0028,0.1396,-0.0181,0.1016,0.0,0.0,STREAM
2026-02-10T06:41:21.998943,0.0041,0.1395,-0.0176,0.1075,0.0,0.0,STREAM
2026-02-10T06:41:22.193209,0.0057,0.1313,-0.0214,0.1113,0.0,0.0,STREAM
2026-02-10T06:41:22.387394,-0.0071,0.1157,-0.0060,0.1119,0.0,0.0,STREAM
2026-02-10T06:41:22.580624,-0.0018,0.0656,-0.0092,0.1050,0.0,0.0,STREAM
2026-02-10T06:41:22.772967,0.0074,0.0408,-0.0190,0.0957,0.0,0.0,STREAM
2026-02-10T06:41:22.966547,-0.0066,0.0258,-0.0099,0.0854,0.0,0.0,STREAM
2026-02-10T06:41:23.162473,-0.0070,0.0498,-0.0063,0.0801,0.0,0.0,STREAM
2026-02-10T06:41:23.355258,-0.0154,0.0437,-0.0066,0.0748,0.0,0.0,STREAM
2026-02-10T06:41:23.548021,-0.0102,0.0357,0.0030,0.0689,0.0,0.0,STREAM
2026-02-10T06:41:23.743635,-0.0003,0.0185,-0.0074,0.0614,0.0,0.0,STREAM
2026-02-10T06:41:23.935454,-0.0036,0.0150,-0.0220,0.0550,0.0,0.0,STREAM
2026-02-10T06:41:24.129605,-0.0200,0.0273,-0.0171,0.0515,0.0,0.0,STREAM
2026-02-10T06:41:24.322960,-0.0243,0.0407,-0.0181,0.0508,0.0,0.0,STREAM
2026-02-10T06:41:24.516442,-0.0091,0.0466,-0.0264,0.0511,0.0,0.0,STREAM
2026-02-10T06:41:29.360244,0.0181,-0.1406,-0.0065,0.1023,0.0,0.0,STREAM
2026-02-10T06:41:29.552262,0.0014,-0.1570,-0.0042,0.1105,0.0,0.0,STREAM
2026-02-10T06:41:29.745642,0.0093,-0.1791,0.0081,0.1207,0.0,0.0,STREAM
2026-02-10T06:41:29.938391,0.0348,-0.1941,-0.0003,0.1318,0.0,0.0,STREAM
2026-02-10T06:41:30.134778,0.0517,-0.2048,-0.0048,0.1432,0.0,0.0,STREAM
2026-02-10T06:41:30.328381,0.0624,-0.2164,0.0095,0.1550,0.0,0.0,STREAM
2026-02-10T06:41:30.520062,0.0496,-0.2269,0.0124,0.1665,0.0,0.0,STREAM
2026-02-10T06:41:30.713130,0.0397,-0.2368,0.0018,0.1775,0.0,0.0,STREAM
2026-02-10T06:41:30.909528,0.0655,-0.2682,0.0066,0.1922,0.0,0.0,STREAM
2026-02-10T06:41:31.101860,0.0603,-0.2881,0.0052,0.2075,0.0,0.0,STREAM
2026-02-10T06:41:31.298556,0.0440,-0.2887,-0.0012,0.2201,0.0,0.0,STREAM
2026-02-10T06:41:31.489984,0.0358,-0.2523,-0.0028,0.2253,0.0,0.0,STREAM
2026-02-10T06:41:31.684851,0.0387,-0.2235,-0.0237,0.2256,0.0,0.0,STREAM
2026-02-10T06:41:31.875810,0.0554,-0.2184,-0.0053,0.2254,0.0,0.0,STREAM
2026-02-10T06:41:32.072630,0.0534,-0.1837,-0.0158,0.2202,0.0,0.0,STREAM
2026-02-10T06:41:32.263990,0.0618,-0.1071,-0.0150,0.2049,0.0,0.0,STREAM
2026-02-10T06:41:32.459297,0.0300,-0.0703,-0.0145,0.1855,0.0,0.0,STREAM
2026-02-10T06:41:32.652198,0.0233,-0.0550,0.0052,0.1665,0.0,0.0,STREAM
2026-02-10T06:41:32.845397,0.0406,-0.0154,-0.0033,0.1453,0.0,0.0,STREAM
2026-02-10T06:41:33.039384,0.0261,-0.0067,0.0192,0.1256,0.0,0.0,STREAM
2026-02-10T06:41:33.231651,0.0298,0.0203,0.0190,0.1053,0.0,0.0,STREAM
2026-02-10T06:41:33.428293,0.0280,0.0300,-0.0041,0.0869,0.0,0.0,STREAM
2026-02-10T06:41:33.622218,0.0448,0.0431,-0.0065,0.0713,0.0,0.0,STREAM
2026-02-10T06:41:33.813578,0.0562,0.0497,-0.0022,0.0596,0.0,0.0,STREAM
2026-02-10T06:41:34.008376,0.0789,0.0540,0.0246,0.0545,0.0,0.0,STREAM
2026-02-10T06:41:34.203231,0.0901,0.0641,0.0283,0.0550,0.0,0.0,STREAM
2026-02-10T06:41:34.397331,0.0699,0.0633,0.0049,0.0555,0.0,0.0,STREAM
2026-02-10T06:41:34.592147,0.0614,0.0619,0.0184,0.0569,0.0,0.0,STREAM
2026-02-10T06:41:34.783065,0.0801,0.0718,0.0125,0.0623,0.0,0.0,STREAM
2026-02-10T06:41:34.977221,0.0847,0.0923,-0.0075,0.0693,0.0,0.0,STREAM
2026-02-10T06:41:35.170853,0.0936,0.0755,0.0062,0.0765,0.0,0.0,STREAM
2026-02-10T06:41:40.014537,-0.1355,0.0051,-0.0095,0.1026,0.0,0.0,STREAM
2026-02-10T06:41:40.206778,-0.1180,0.0367,0.0044,0.1054,0.0,0.0,STREAM
2026-02-10T06:41:40.402432,-0.0958,0.0478,-0.0022,0.1048,0.0,0.0,STREAM
2026-02-10T06:41:40.596375,-0.0809,0.0412,0.0061,0.1022,0.0,0.0,STREAM
2026-02-10T06:41:40.790105,-0.0905,0.0210,0.0239,0.1011,0.0,0.0,STREAM
2026-02-10T06:41:40.980805,-0.1094,0.0338,0.0073,0.1031,0.0,0.0,STREAM
2026-02-10T06:41:41.177572,-0.1157,0.0746,-0.0099,0.1072,0.0,0.0,STREAM
2026-02-10T06:41:41.370744,-0.0773,0.0869,-0.0048,0.1063,0.0,0.0,STREAM
2026-02-10T06:41:41.563212,-0.0505,0.0717,-0.0240,0.1015,0.0,0.0,STREAM
2026-02-10T06:41:41.758744,-0.0201,0.1297,-0.0143,0.0989,0.0,0.0,STREAM
2026-02-10T06:41:41.952399,0.0566,0.1409,-0.0274,0.0922,0.0,0.0,STREAM
2026-02-10T06:41:42.146744,0.0444,0.1296,-0.0309,0.0909,0.0,0.0,STREAM
2026-02-10T06:41:42.336932,0.0548,0.1254,-0.0046,0.0911,0.0,0.0,STREAM
2026-02-10T06:41:42.533195,0.1067,0.1328,-0.0080,0.0936,0.0,0.0,STREAM
2026-02-10T06:41:42.727061,0.1067,0.1320,0.0263,0.0991,0.0,0.0,STREAM
2026-02-10T06:41:42.920516,0.1217,0.1159,0.0027,0.1044,0.0,0.0,STREAM
2026-02-10T06:41:43.112141,0.1262,0.1037,-0.0387,0.1097,0.0,0.0,STREAM
2026-02-10T06:41:43.308703,0.1159,0.1213,-0.0384,0.1173,0.0,0.0,STREAM
2026-02-10T06:41:43.502058,0.1361,0.0815,0.0340,0.1200,0.0,0.0,STREAM
2026-02-10T06:41:43.696290,0.1808,0.0662,0.0199,0.1261,0.0,0.0,STREAM
2026-02-10T06:41:43.887730,0.1936,0.0432,0.0096,0.1322,0.0,0.0,STREAM
2026-02-10T06:41:44.079995,0.1797,0.0220,-0.0280,0.1356,0.0,0.0,STREAM
2026-02-10T06:41:44.277654,0.1230,0.0151,-0.0542,0.1324,0.0,0.0,STREAM
2026-02-10T06:41:44.468786,0.1315,-0.0383,-0.0392,0.1278,0.0,0.0,STREAM
2026-02-10T06:41:44.663085,0.1375,-0.0493,-0.0187,0.1255,0.0,0.0,STREAM
2026-02-10T06:41:44.858857,0.1449,-0.0322,-0.0087,0.1265,0.0,0.0,STREAM
2026-02-10T06:41:45.051450,0.1225,-0.0382,-0.0287,0.1250,0.0,0.0,STREAM
2026-02-10T06:41:45.245881,0.1314,-0.0604,-0.0425,0.1258,0.0,0.0,STREAM
2026-02-10T06:41:45.439862,0.1155,-0.0693,-0.0079,0.1243,0.0,0.0,STREAM
2026-02-10T06:41:45.633927,0.0944,-0.0542,0.0231,0.1198,0.0,0.0,STREAM
2026-02-10T06:41:45.824073,0.0983,-0.0614,0.0237,0.1174,0.0,0.0,STREAM
2026-02-10T06:41:46.016934,0.1053,-0.0937,0.0127,0.1182,0.0,0.0,STREAM
2026-02-10T06:41:46.212907,0.0906,-0.0739,-0.0032,0.1167,0.0,0.0,STREAM
2026-02-10T06:41:46.405077,0.0348,-0.0537,-0.0070,0.1070,0.0,0.0,STREAM
2026-02-10T06:41:46.602409,0.0178,-0.0339,-0.0079,0.0954,0.0,0.0,STREAM
2026-02-10T06:41:46.795128,0.0090,-0.0378,-0.0045,0.0848,0.0,0.0,STREAM
2026-02-10T06:41:46.988476,0.0293,-0.0591,0.0156,0.0802,0.0,0.0,STREAM
2026-02-10T06:41:47.183846,0.0055,-0.0556,0.0041,0.0735,0.0,0.0,STREAM
2026-02-10T06:41:47.376086,-0.0052,-0.0444,0.0109,0.0661,0.0,0.0,STREAM
2026-02-10T06:41:47.568568,-0.0059,-0.0597,-0.0071,0.0619,0.0,0.0,STREAM
2026-02-10T06:41:47.764594,-0.0081,-0.0606,0.0139,0.0591,0.0,0.0,STREAM
2026-02-10T06:41:47.957636,0.0018,-0.0653,0.0239,0.0589,0.0,0.0,STREAM
2026-02-10T06:41:48.150263,0.0070,-0.0712,-0.0008,0.0600,0.0,0.0,STREAM
2026-02-10T06:41:48.344486,-0.0340,-0.0763,0.0047,0.0599,0.0,0.0,STREAM
2026-02-10T06:41:49.700066,-0.0440,-0.1415,-0.0117,0.1024,0.0,0.0,STREAM
2026-02-10T06:41:49.894445,-0.0280,-0.1440,0.0106,0.1090,0.0,0.0,STREAM
2026-02-10T06:41:50.087899,-0.0177,-0.1536,0.0339,0.1160,0.0,0.0,STREAM
2026-02-10T06:41:50.281131,-0.0229,-0.1509,0.0167,0.1216,0.0,0.0,STREAM
2026-02-10T06:41:50.476757,-0.0074,-0.1524,0.0229,0.1263,0.0,0.0,STREAM
2026-02-10T06:41:50.667663,-0.0159,-0.1610,0.0302,0.1319,0.0,0.0,STREAM
2026-02-10T06:41:50.864034,0.0028,-0.1632,0.0292,0.1368,0.0,0.0,STREAM
2026-02-10T06:41:51.056802,0.0147,-0.1545,0.0341,0.1397,0.0,0.0,STREAM
2026-02-10T06:41:51.250396,0.0338,-0.1436,0.0284,0.1404,0.0,0.0,STREAM
2026-02-10T06:41:51.444783,0.0268,-0.1448,0.0051,0.1410,0.0,0.0,STREAM
2026-02-10T06:41:51.638301,0.0232,-0.1451,-0.0039,0.1415,0.0,0.0,STREAM
2026-02-10T06:41:51.831068,0.0151,-0.1301,-0.0101,0.1397,0.0,0.0,STREAM
2026-02-10T06:41:52.026047,0.0146,-0.1350,0.0105,0.1391,0.0,0.0,STREAM
2026-02-10T06:41:52.218168,0.0501,-0.1020,0.0159,0.1343,0.0,0.0,STREAM
2026-02-10T06:41:52.414432,0.0589,-0.0747,0.0076,0.1265,0.0,0.0,STREAM
2026-02-10T06:41:52.604381,0.0627,-0.0551,-0.0027,0.1174,0.0,0.0,STREAM
2026-02-10T06:41:52.801163,0.0354,-0.0364,-0.0121,0.1063,0.0,0.0,STREAM
2026-02-10T06:41:52.994851,0.0378,-0.0276,-0.0006,0.0960,0.0,0.0,STREAM
2026-02-10T06:41:53.187105,0.0527,-0.0139,0.0062,0.0863,0.0,0.0,STREAM
2026-02-10T06:41:53.598529,0.0523,-0.0156,0.0274,0.0791,0.0,0.0,STREAM
2026-02-10T06:41:53.793005,0.0550,-0.0067,0.0115,0.0724,0.0,0.0,STREAM
2026-02-10T06:41:53.983130,0.0340,0.0085,0.0006,0.0635,0.0,0.0,STREAM
2026-02-10T06:41:54.210557,0.0217,0.0217,0.0006,0.0535,0.0,0.0,STREAM
2026-02-10T06:41:54.389100,0.0424,0.0330,-0.0057,0.0467,0.0,0.0,STREAM
2026-02-10T06:41:54.671788,0.0292,0.0349,0.0091,0.0407,0.0,0.0,STREAM
2026-02-10T06:41:54.756907,0.0171,0.0398,-0.0022,0.0346,0.0,0.0,STREAM
2026-02-10T06:41:56.501218,-0.0077,0.1787,-0.0156,0.1065,0.0,0.0,STREAM
2026-02-10T06:41:56.695350,0.0012,0.1831,-0.0196,0.1181,0.0,0.0,STREAM
2026-02-10T06:41:56.888150,0.0071,0.1841,-0.0165,0.1281,0.0,0.0,STREAM
2026-02-10T06:41:57.083059,0.0019,0.1810,-0.0134,0.1361,0.0,0.0,STREAM
2026-02-10T06:41:57.276340,-0.0076,0.1645,-0.0234,0.1406,0.0,0.0,STREAM
2026-02-10T06:41:57.468460,0.0054,0.1462,-0.0190,0.1416,0.0,0.0,STREAM
2026-02-10T06:41:57.663931,0.0104,0.1394,-0.0113,0.1414,0.0,0.0,STREAM
2026-02-10T06:41:57.855062,0.0165,0.1347,-0.0137,0.1405,0.0,0.0,STREAM
2026-02-10T06:41:58.051052,0.0123,0.1212,-0.0068,0.1377,0.0,0.0,STREAM
2026-02-10T06:41:58.302424,0.0159,0.0835,-0.0046,0.1297,0.0,0.0,STREAM
2026-02-10T06:41:58.433895,0.0177,0.0597,-0.0083,0.1195,0.0,0.0,STREAM
2026-02-10T06:41:58.632617,0.0260,0.0467,-0.0038,0.1089,0.0,0.0,STREAM
2026-02-10T06:41:58.820942,0.0216,0.0354,-0.0005,0.0982,0.0,0.0,STREAM
2026-02-10T06:41:59.015491,0.0212,0.0235,-0.0046,0.0875,0.0,0.0,STREAM
2026-02-10T06:41:59.209853,0.0174,0.0186,-0.0067,0.0777,0.0,0.0,STREAM
2026-02-10T06:41:59.402776,0.0161,0.0229,-0.0065,0.0700,0.0,0.0,STREAM
2026-02-10T06:41:59.597902,0.0169,0.0230,-0.0047,0.0635,0.0,0.0,STREAM
2026-02-10T06:41:59.791806,0.0208,0.0196,-0.0046,0.0577,0.0,0.0,STREAM
2026-02-10T06:41:59.984001,0.0211,0.0166,0.0017,0.0523,0.0,0.0,STREAM
2026-02-10T06:42:00.178051,0.0223,0.0173,0.0001,0.0481,0.0,0.0,STREAM
2026-02-10T06:42:00.373673,0.0251,0.0165,-0.0080,0.0447,0.0,0.0,STREAM
2026-02-10T06:42:00.566927,0.0168,0.0194,0.0008,0.0417,0.0,0.0,STREAM
2026-02-10T06:42:33.385469,-0.0066,0.1577,-0.0171,0.1084,0.0,0.0,STREAM
2026-02-10T06:42:33.578933,-0.0228,0.1689,-0.0227,0.1179,0.0,0.0,STREAM
2026-02-10T06:42:33.772904,-0.0071,0.1742,-0.0153,0.1264,0.0,0.0,STREAM
2026-02-10T06:42:33.962575,-0.0121,0.1774,-0.0223,0.1343,0.0,0.0,STREAM
2026-02-10T06:42:34.160119,0.0011,0.1745,-0.0019,0.1401,0.0,0.0,STREAM
2026-02-10T06:42:34.354286,-0.0146,0.1738,-0.0021,0.1452,0.0,0.0,STREAM
2026-02-10T06:42:34.547558,-0.0198,0.1290,0.0023,0.1428,0.0,0.0,STREAM
2026-02-10T06:42:34.742087,-0.0339,0.1107,0.0042,0.1383,0.0,0.0,STREAM
2026-02-10T06:42:34.934810,-0.0208,0.0921,-0.0033,0.1316,0.0,0.0,STREAM
2026-02-10T06:42:35.128827,0.0002,0.0988,-0.0058,0.1266,0.0,0.0,STREAM
2026-02-10T06:42:35.321316,0.0033,0.1090,-0.0243,0.1241,0.0,0.0,STREAM
2026-02-10T06:42:35.515408,-0.0219,0.1149,-0.0253,0.1232,0.0,0.0,STREAM
2026-02-10T06:42:35.709096,-0.0369,0.1072,-0.0235,0.1216,0.0,0.0,STREAM
2026-02-10T06:42:35.902157,-0.0204,0.0964,-0.0244,0.1185,0.0,0.0,STREAM
2026-02-10T06:42:36.098009,-0.0148,0.1060,0.0028,0.1166,0.0,0.0,STREAM
2026-02-10T06:42:36.290517,-0.0134,0.1020,-0.0191,0.1148,0.0,0.0,STREAM
2026-02-10T06:42:36.483162,-0.0289,0.0973,-0.0327,0.1131,0.0,0.0,STREAM
2026-02-10T06:42:36.677124,-0.0366,0.0791,-0.0306,0.1094,0.0,0.0,STREAM
2026-02-10T06:42:36.871038,-0.0128,0.0766,-0.0076,0.1047,0.0,0.0,STREAM
2026-02-10T06:42:37.063047,-0.0296,0.0701,-0.0159,0.1004,0.0,0.0,STREAM
2026-02-10T06:42:37.259088,-0.0279,0.0726,-0.0372,0.0977,0.0,0.0,STREAM
2026-02-10T06:42:37.452644,-0.0158,0.0493,-0.0545,0.0925,0.0,0.0,STREAM
2026-02-10T06:42:37.646142,-0.0020,0.0293,-0.0518,0.0852,0.0,0.0,STREAM
2026-02-10T06:42:37.840446,-0.0266,0.0233,-0.0161,0.0773,0.0,0.0,STREAM
2026-02-10T06:42:38.033546,-0.0309,0.0186,-0.0317,0.0712,0.0,0.0,STREAM
2026-02-10T06:42:38.228312,-0.0347,0.0123,-0.0170,0.0649,0.0,0.0,STREAM
2026-02-10T06:42:38.421255,-0.0140,0.0084,0.0217,0.0558,0.0,0.0,STREAM
2026-02-10T06:42:38.614774,-0.0142,0.0002,0.0125,0.0477,0.0,0.0,STREAM
2026-02-10T06:42:38.806969,-0.0215,-0.0191,0.0050,0.0395,0.0,0.0,STREAM
2026-02-10T06:42:39.003415,-0.0338,-0.0269,0.0286,0.0327,0.0,0.0,STREAM
2026-02-10T06:42:46.477586,0.0387,-0.0944,0.1379,0.1007,0.0,0.0,STREAM
2026-02-10T06:42:46.672942,-0.0155,-0.0990,0.0125,0.0978,0.0,0.0,STREAM
2026-02-10T06:42:46.866839,0.0389,-0.0904,-0.0266,0.0935,0.0,0.0,STREAM
2026-02-10T06:42:47.059896,0.0116,-0.0882,-0.0341,0.0894,0.0,0.0,STREAM
2026-02-10T06:42:47.254649,0.0191,-0.0924,-0.0171,0.0886,0.0,0.0,STREAM
2026-02-10T06:42:47.449610,0.0052,-0.0594,-0.0885,0.0816,0.0,0.0,STREAM
2026-02-10T06:42:47.643229,-0.0054,-0.0391,-0.0959,0.0750,0.0,0.0,STREAM
2026-02-10T06:42:47.836944,-0.0007,-0.0572,-0.0968,0.0749,0.0,0.0,STREAM
2026-02-10T06:42:48.028883,0.0004,-0.0644,-0.0404,0.0746,0.0,0.0,STREAM
2026-02-10T06:42:48.224533,-0.0068,-0.0498,-0.0398,0.0723,0.0,0.0,STREAM
2026-02-10T06:42:48.416520,-0.0059,-0.0263,0.0092,0.0646,0.0,0.0,STREAM
2026-02-10T06:42:49.966077,-0.0679,-0.0346,-0.1506,0.1018,0.0,0.0,STREAM
2026-02-10T06:42:50.161680,-0.0446,-0.0263,-0.0594,0.0980,0.0,0.0,STREAM
2026-02-10T06:42:50.351081,-0.0526,-0.0158,-0.1025,0.1002,0.0,0.0,STREAM
2026-02-10T06:42:50.545822,-0.0278,-0.0320,-0.0785,0.0985,0.0,0.0,STREAM
2026-02-10T06:42:50.743405,-0.0063,-0.0125,-0.0304,0.0887,0.0,0.0,STREAM
2026-02-10T06:42:50.936048,0.0098,0.0191,-0.0677,0.0831,0.0,0.0,STREAM
2026-02-10T06:42:51.128651,-0.0290,0.0102,-0.1126,0.0872,0.0,0.0,STREAM
2026-02-10T06:42:51.322805,-0.0130,0.0029,-0.1257,0.0923,0.0,0.0,STREAM
2026-02-10T06:42:51.515194,-0.0127,-0.0266,-0.0590,0.0881,0.0,0.0,STREAM
2026-02-10T06:42:51.710702,0.0041,-0.0338,-0.0916,0.0888,0.0,0.0,STREAM
2026-02-10T06:42:51.903525,-0.0471,-0.0054,-0.0949,0.0908,0.0,0.0,STREAM
2026-02-10T06:42:52.098740,0.0327,-0.0052,-0.1334,0.0957,0.0,0.0,STREAM
2026-02-10T06:42:52.290841,-0.0463,0.0024,-0.1688,0.1072,0.0,0.0,STREAM
2026-02-10T06:42:52.486073,-0.0528,0.0130,-0.0251,0.0962,0.0,0.0,STREAM
2026-02-10T06:42:52.678850,-0.0797,-0.0049,0.0255,0.0821,0.0,0.0,STREAM
2026-02-10T06:42:52.871273,-0.0807,-0.0073,-0.0259,0.0788,0.0,0.0,STREAM
2026-02-10T06:42:53.065116,-0.1071,0.0098,0.0306,0.0729,0.0,0.0,STREAM
2026-02-10T06:42:53.261363,-0.0784,0.0156,0.0529,0.0656,0.0,0.0,STREAM
2026-02-10T06:42:53.452322,-0.0672,0.0157,0.0342,0.0620,0.0,0.0,STREAM
2026-02-10T06:42:53.647187,-0.0507,-0.0205,0.0433,0.0576,0.0,0.0,STREAM
2026-02-10T06:42:53.842252,-0.0170,-0.0156,0.0608,0.0499,0.0,0.0,STREAM
2026-02-10T06:42:54.035925,-0.0345,0.0120,0.0042,0.0474,0.0,0.0,STREAM
2026-02-10T06:42:54.227930,0.0162,0.0409,-0.0269,0.0386,0.0,0.0,STREAM
2026-02-10T06:42:55.972730,0.1235,-0.0376,0.0875,0.1002,0.0,0.0,STREAM
2026-02-10T06:42:56.164886,0.1137,-0.0212,0.1018,0.1081,0.0,0.0,STREAM
2026-02-10T06:42:56.359772,0.1079,0.0107,0.1126,0.1150,0.0,0.0,STREAM
2026-02-10T06:42:56.554026,0.0556,0.0123,0.0570,0.1096,0.0,0.0,STREAM
2026-02-10T06:42:56.747150,0.0533,-0.0125,0.0218,0.1011,0.0,0.0,STREAM
2026-02-10T06:42:56.939070,0.0737,0.0038,0.0040,0.0944,0.0,0.0,STREAM
2026-02-10T06:42:57.134686,0.1038,-0.0035,0.0026,0.0928,0.0,0.0,STREAM
2026-02-10T06:42:57.328670,0.0399,0.0044,-0.0522,0.0800,0.0,0.0,STREAM
2026-02-10T06:42:57.522119,0.0758,0.0103,0.0516,0.0816,0.0,0.0,STREAM
2026-02-10T06:42:57.715040,0.0596,0.0300,0.0080,0.0779,0.0,0.0,STREAM
2026-02-10T06:42:57.909546,-0.0125,0.0392,-0.0002,0.0651,0.0,0.0,STREAM
2026-02-10T06:42:58.102704,0.0396,-0.0001,0.0478,0.0639,0.0,0.0,STREAM
2026-02-10T06:42:58.296398,0.0564,-0.0257,0.0123,0.0623,0.0,0.0,STREAM
2026-02-10T06:42:58.490825,0.0551,-0.0080,0.0391,0.0630,0.0,0.0,STREAM
2026-02-10T06:42:58.684003,0.0373,-0.0045,0.0951,0.0661,0.0,0.0,STREAM
2026-02-10T06:43:36.264735,-0.0040,-0.1551,-0.0794,0.1050,0.0,0.0,STREAM
2026-02-10T06:43:36.460266,-0.0122,-0.1528,-0.0583,0.1134,0.0,0.0,STREAM
2026-02-10T06:43:36.653663,-0.0155,-0.1609,-0.0370,0.1212,0.0,0.0,STREAM
2026-02-10T06:43:36.847784,-0.0016,-0.1834,-0.0367,0.1311,0.0,0.0,STREAM
2026-02-10T06:43:37.038157,0.0455,-0.1961,-0.0048,0.1405,0.0,0.0,STREAM
2026-02-10T06:43:37.232486,0.0070,-0.2376,0.0981,0.1534,0.0,0.0,STREAM
2026-02-10T06:43:37.427645,0.0310,-0.2424,0.0617,0.1669,0.0,0.0,STREAM
2026-02-10T06:43:37.621698,0.0397,-0.2215,0.0532,0.1757,0.0,0.0,STREAM
2026-02-10T06:43:37.814437,0.0277,-0.1947,0.0530,0.1794,0.0,0.0,STREAM
2026-02-10T06:43:38.007217,-0.0280,-0.1585,0.0429,0.1765,0.0,0.0,STREAM
2026-02-10T06:43:38.201050,-0.0949,-0.1468,0.0518,0.1728,0.0,0.0,STREAM
2026-02-10T06:43:38.397231,-0.1156,-0.1151,0.0245,0.1660,0.0,0.0,STREAM
2026-02-10T06:43:38.588414,-0.0026,-0.0896,0.0037,0.1544,0.0,0.0,STREAM
2026-02-10T06:43:38.784882,0.0484,-0.0759,-0.0456,0.1410,0.0,0.0,STREAM
2026-02-10T06:43:38.976943,0.0505,-0.0674,-0.0193,0.1294,0.0,0.0,STREAM
2026-02-10T06:43:39.172621,0.0215,-0.0583,-0.0102,0.1187,0.0,0.0,STREAM
2026-02-10T06:43:39.363801,-0.0239,-0.0696,0.0202,0.1114,0.0,0.0,STREAM
2026-02-10T06:43:39.558602,-0.0173,-0.0617,0.0789,0.1054,0.0,0.0,STREAM
2026-02-10T06:43:39.753430,-0.0170,-0.0348,0.0417,0.0960,0.0,0.0,STREAM
2026-02-10T06:43:39.947284,-0.0158,0.0194,-0.0015,0.0789,0.0,0.0,STREAM
2026-02-10T06:43:40.141073,-0.0088,0.0461,0.0412,0.0624,0.0,0.0,STREAM
2026-02-10T06:43:40.332275,-0.0551,0.0757,0.0272,0.0465,0.0,0.0,STREAM
2026-02-10T06:43:40.527775,-0.0700,0.1191,-0.0070,0.0325,0.0,0.0,STREAM
2026-02-10T06:43:40.722451,-0.0652,0.1111,-0.0243,0.0318,0.0,0.0,STREAM
2026-02-10T06:43:40.910869,-0.0717,0.1161,-0.0302,0.0418,0.0,0.0,STREAM
2026-02-10T06:43:41.108187,-0.0844,0.1530,-0.0191,0.0593,0.0,0.0,STREAM
2026-02-10T06:43:41.302398,-0.0353,0.1866,-0.0009,0.0754,0.0,0.0,STREAM
2026-02-10T06:43:41.495255,0.0134,0.1858,-0.0232,0.0879,0.0,0.0,STREAM
2026-02-10T06:43:41.686340,-0.0090,0.2183,-0.0235,0.1062,0.0,0.0,STREAM
2026-02-10T06:43:41.880530,-0.0373,0.2390,0.0118,0.1262,0.0,0.0,STREAM
2026-02-10T06:43:42.076719,-0.0462,0.2718,-0.0121,0.1486,0.0,0.0,STREAM
2026-02-10T06:43:42.269334,-0.0175,0.2778,0.0125,0.1676,0.0,0.0,STREAM
2026-02-10T06:43:42.463522,0.0334,0.3008,0.0043,0.1863,0.0,0.0,STREAM
2026-02-10T06:43:42.657955,0.0203,0.3280,-0.0208,0.2071,0.0,0.0,STREAM
2026-02-10T06:43:42.849939,-0.0136,0.3202,-0.0146,0.2242,0.0,0.0,STREAM
2026-02-10T06:43:43.042447,-0.0196,0.3120,-0.0276,0.2375,0.0,0.0,STREAM
2026-02-10T06:43:43.237312,-0.0027,0.2856,-0.0285,0.2448,0.0,0.0,STREAM
2026-02-10T06:43:43.430820,-0.0261,0.2593,-0.0395,0.2474,0.0,0.0,STREAM
2026-02-10T06:43:43.839481,0.0219,0.2347,-0.0078,0.2453,0.0,0.0,STREAM
2026-02-10T06:43:44.032013,0.0995,0.2369,0.0202,0.2438,0.0,0.0,STREAM
2026-02-10T06:43:44.226211,0.1173,0.2269,0.0012,0.2423,0.0,0.0,STREAM
2026-02-10T06:43:44.419369,0.0012,0.2080,-0.0177,0.2371,0.0,0.0,STREAM
2026-02-10T06:43:44.613032,-0.0846,0.2154,-0.0104,0.2332,0.0,0.0,STREAM
2026-02-10T06:43:44.804213,-0.0945,0.2275,-0.0163,0.2326,0.0,0.0,STREAM
2026-02-10T06:43:44.829152,0,0,0,0.0,18.8431284,-98.9401235,MANUAL
2026-02-10T06:43:44.834084,0,0,0,0.0,18.8431284,-98.9401235,MANUAL
2026-02-10T06:43:44.998224,-0.0468,0.2086,-0.0024,0.2294,0.0,0.0,STREAM
2026-02-10T06:43:45.192579,0.0216,0.2114,-0.0242,0.2265,0.0,0.0,STREAM
2026-02-10T06:43:45.386783,0.0269,0.2017,0.0013,0.2226,0.0,0.0,STREAM
2026-02-10T06:43:45.582406,-0.0259,0.1929,0.0092,0.2182,0.0,0.0,STREAM
2026-02-10T06:43:45.776754,-0.0374,0.1483,-0.0386,0.2082,0.0,0.0,STREAM
2026-02-10T06:43:45.969515,-0.0746,0.1294,-0.0926,0.1984,0.0,0.0,STREAM
2026-02-10T06:43:46.163820,-0.0110,0.0963,-0.0024,0.1831,0.0,0.0,STREAM
2026-02-10T06:43:46.358152,-0.0256,0.0733,-0.0008,0.1670,0.0,0.0,STREAM
2026-02-10T06:43:46.551888,0.0008,0.0673,-0.0185,0.1522,0.0,0.0,STREAM
2026-02-10T06:43:46.746591,0.0199,0.0784,-0.0237,0.1411,0.0,0.0,STREAM
2026-02-10T06:43:46.939041,0.0256,0.0692,-0.0895,0.1323,0.0,0.0,STREAM
2026-02-10T06:43:47.132872,-0.0001,0.0631,-0.0491,0.1234,0.0,0.0,STREAM
2026-02-10T06:43:47.324718,-0.0557,0.0882,-0.0352,0.1197,0.0,0.0,STREAM
2026-02-10T06:43:47.518028,-0.0134,0.0567,-0.0171,0.1108,0.0,0.0,STREAM
2026-02-10T06:43:47.850522,0.0422,0.0394,-0.0315,0.1006,0.0,0.0,STREAM
2026-02-10T06:43:48.043150,0.0059,0.0047,-0.0367,0.0880,0.0,0.0,STREAM
2026-02-10T06:43:48.235630,-0.0017,-0.0523,0.0071,0.0671,0.0,0.0,STREAM
2026-02-10T06:43:48.429704,0.0141,-0.0782,0.0178,0.0452,0.0,0.0,STREAM
2026-02-10T06:43:48.624751,0.0239,-0.0434,0.0107,0.0320,0.0,0.0,STREAM
2026-02-10T06:43:48.819519,0.0336,-0.0112,-0.0004,0.0268,0.0,0.0,STREAM
2026-02-10T06:43:49.008505,0.0069,0.0227,-0.0087,0.0265,0.0,0.0,STREAM
2026-02-10T06:43:49.203314,0.0148,0.0469,0.0033,0.0292,0.0,0.0,STREAM
2026-02-10T06:43:49.398871,0.0209,0.0073,0.0284,0.0259,0.0,0.0,STREAM
2026-02-10T06:43:49.594214,0.0206,-0.0172,0.0085,0.0211,0.0,0.0,STREAM
2026-02-10T06:43:49.787334,0.0154,-0.0274,-0.0113,0.0167,0.0,0.0,STREAM
2026-02-10T06:43:52.498520,0.1052,-0.1017,0.0868,0.1070,0.0,0.0,STREAM
2026-02-10T06:43:52.694244,0.1386,-0.1329,0.1576,0.1273,0.0,0.0,STREAM
2026-02-10T06:43:52.887509,0.1008,-0.1512,0.0910,0.1378,0.0,0.0,STREAM
2026-02-10T06:43:53.080441,0.0811,-0.1534,0.0455,0.1424,0.0,0.0,STREAM
2026-02-10T06:43:53.274893,0.0570,-0.1364,-0.0304,0.1385,0.0,0.0,STREAM
2026-02-10T06:43:53.464801,0.0566,-0.1526,0.0264,0.1410,0.0,0.0,STREAM
2026-02-10T06:43:53.662583,0.0423,-0.1449,-0.0176,0.1396,0.0,0.0,STREAM
2026-02-10T06:43:53.855882,0.0216,-0.1249,-0.0345,0.1348,0.0,0.0,STREAM
2026-02-10T06:43:54.048719,0.0006,-0.1091,-0.0490,0.1278,0.0,0.0,STREAM
2026-02-10T06:43:54.242392,0.0087,-0.0692,-0.0415,0.1180,0.0,0.0,STREAM
2026-02-10T06:43:54.435907,-0.0024,-0.0797,-0.0318,0.1111,0.0,0.0,STREAM
2026-02-10T06:43:54.630792,-0.0076,-0.0749,-0.0401,0.1047,0.0,0.0,STREAM
2026-02-10T06:43:54.824260,-0.0206,-0.0669,-0.0796,0.0990,0.0,0.0,STREAM
2026-02-10T06:43:55.015107,0.0170,-0.0993,-0.0518,0.1004,0.0,0.0,STREAM
2026-02-10T06:43:55.209931,0.0036,-0.0684,-0.0215,0.0959,0.0,0.0,STREAM
2026-02-10T06:43:55.406156,0.0190,-0.0723,0.0075,0.0923,0.0,0.0,STREAM
2026-02-10T06:43:55.600431,0.0239,-0.0888,0.0670,0.0909,0.0,0.0,STREAM
2026-02-10T06:43:55.792389,0.0339,-0.0520,0.0031,0.0861,0.0,0.0,STREAM
2026-02-10T06:43:55.986717,0.0098,-0.0472,0.0289,0.0803,0.0,0.0,STREAM
2026-02-10T06:43:56.180429,0.0607,-0.0779,0.0627,0.0828,0.0,0.0,STREAM
2026-02-10T06:43:56.372649,0.0306,-0.0741,0.0492,0.0834,0.0,0.0,STREAM
2026-02-10T06:43:56.567022,0.0372,-0.0829,0.0347,0.0853,0.0,0.0,STREAM
2026-02-10T06:43:56.761414,0.0315,-0.0738,-0.0116,0.0840,0.0,0.0,STREAM
2026-02-10T06:43:56.954039,-0.0055,-0.0695,-0.1344,0.0803,0.0,0.0,STREAM
2026-02-10T06:44:07.802333,-0.0159,-0.0208,-0.1455,0.1048,0.0,0.0,STREAM
2026-02-10T06:44:07.996828,-0.0260,-0.0208,-0.1461,0.1114,0.0,0.0,STREAM
2026-02-10T06:44:08.191567,-0.0060,-0.0035,-0.1471,0.1167,0.0,0.0,STREAM
2026-02-10T06:44:08.385015,-0.0371,0.0244,-0.1733,0.1256,0.0,0.0,STREAM
2026-02-10T06:44:08.579243,-0.0329,0.0005,-0.1300,0.1268,0.0,0.0,STREAM
2026-02-10T06:44:08.771900,-0.0220,0.0227,-0.1594,0.1319,0.0,0.0,STREAM
2026-02-10T06:44:08.966021,0.0212,-0.0070,-0.1335,0.1315,0.0,0.0,STREAM
2026-02-10T06:44:09.158755,-0.0044,0.0322,-0.1102,0.1284,0.0,0.0,STREAM
2026-02-10T06:44:09.351562,0.0184,0.0360,-0.1453,0.1309,0.0,0.0,STREAM
2026-02-10T06:44:09.547084,0.0049,0.0408,-0.1668,0.1367,0.0,0.0,STREAM
2026-02-10T06:44:09.740151,0.0382,0.0242,-0.0968,0.1309,0.0,0.0,STREAM
2026-02-10T06:44:09.934130,-0.0115,0.0119,-0.1000,0.1264,0.0,0.0,STREAM
2026-02-10T06:44:10.129,0.0298,-0.0382,-0.0675,0.1170,0.0,0.0,STREAM
2026-02-10T06:44:10.321733,0.0220,-0.0916,-0.0125,0.1015,0.0,0.0,STREAM
2026-02-10T06:44:10.514,0.0057,-0.1053,0.0121,0.0871,0.0,0.0,STREAM
2026-02-10T06:44:10.708051,0.0062,-0.1125,0.0321,0.0758,0.0,0.0,STREAM
2026-02-10T06:44:10.903485,0.0202,-0.1373,0.0897,0.0672,0.0,0.0,STREAM
2026-02-10T06:44:11.097123,-0.0290,-0.1159,0.0192,0.0694,0.0,0.0,STREAM
2026-02-10T06:44:11.291407,-0.0367,-0.1638,0.0315,0.0799,0.0,0.0,STREAM
2026-02-10T06:44:11.482819,-0.0359,-0.1430,0.0520,0.0874,0.0,0.0,STREAM
2026-02-10T06:44:11.678095,-0.0090,-0.1176,0.0695,0.0912,0.0,0.0,STREAM
2026-02-10T06:44:11.873354,-0.0213,-0.0424,-0.0214,0.0843,0.0,0.0,STREAM
2026-02-10T06:44:12.025217,-0.2513,0.2697,1.6987,0.2579,0.0,0.0,STREAM
2026-02-10T06:44:12.043751,-0.2005,0.2649,1.2936,0.4142,0.0,0.0,STREAM
2026-02-10T06:44:12.062692,-0.1488,0.2672,0.9471,0.4984,0.0,0.0,STREAM
2026-02-10T06:44:12.082635,-0.1150,0.2415,0.6742,0.5300,0.0,0.0,STREAM
2026-02-10T06:44:12.102501,-0.0971,0.1825,0.5061,0.5313,0.0,0.0,STREAM
2026-02-10T06:44:12.122208,-0.0800,0.1282,0.3767,0.5119,0.0,0.0,STREAM
2026-02-10T06:44:12.140483,-0.0619,0.1002,0.2341,0.4736,0.0,0.0,STREAM
2026-02-10T06:44:12.160345,-0.0467,0.0763,0.0915,0.4195,0.0,0.0,STREAM
2026-02-10T06:44:12.179412,-0.0364,0.0526,-0.0111,0.3580,0.0,0.0,STREAM
2026-02-10T06:44:12.199165,-0.0145,0.0302,-0.0766,0.2951,0.0,0.0,STREAM
2026-02-10T06:44:12.218278,0.0145,0.0199,-0.1185,0.2347,0.0,0.0,STREAM
2026-02-10T06:44:12.237445,0.0304,0.0234,-0.1697,0.1763,0.0,0.0,STREAM
2026-02-10T06:44:12.257624,0.0479,0.0297,-0.2222,0.1210,0.0,0.0,STREAM
2026-02-10T06:44:12.276203,0.0543,0.0376,-0.2614,0.0749,0.0,0.0,STREAM
2026-02-10T06:44:12.296013,0.0528,0.0346,-0.2932,0.0532,0.0,0.0,STREAM
2026-02-10T06:44:12.312962,0.0584,0.0227,-0.3101,0.0695,0.0,0.0,STREAM
2026-02-10T06:44:12.333200,0.0697,0.0142,-0.3066,0.0993,0.0,0.0,STREAM
2026-02-10T06:44:12.352440,0.0739,0.0096,-0.3101,0.1295,0.0,0.0,STREAM
2026-02-10T06:44:12.373281,0.0674,0.0166,-0.3377,0.1607,0.0,0.0,STREAM
2026-02-10T06:44:12.393633,0.0695,0.0214,-0.3765,0.1935,0.0,0.0,STREAM
2026-02-10T06:44:12.411492,0.0715,0.0196,-0.3900,0.2237,0.0,0.0,STREAM
2026-02-10T06:44:12.431059,0.0721,0.0135,-0.3781,0.2477,0.0,0.0,STREAM
2026-02-10T06:44:12.450967,0.0773,0.0101,-0.3681,0.2668,0.0,0.0,STREAM
2026-02-10T06:44:12.470228,0.0736,0.0141,-0.3743,0.2840,0.0,0.0,STREAM
2026-02-10T06:44:12.489667,0.0708,0.0207,-0.3788,0.2992,0.0,0.0,STREAM
2026-02-10T06:44:12.508147,0.0736,0.0229,-0.3572,0.3092,0.0,0.0,STREAM
2026-02-10T06:44:12.528112,0.0686,0.0221,-0.3465,0.3159,0.0,0.0,STREAM
2026-02-10T06:44:12.547763,0.0609,0.0207,-0.3574,0.3230,0.0,0.0,STREAM
2026-02-10T06:44:12.564859,0.0684,0.0173,-0.3541,0.3287,0.0,0.0,STREAM
2026-02-10T06:44:12.585786,0.0734,0.0259,-0.3422,0.3320,0.0,0.0,STREAM
2026-02-10T06:44:12.603299,0.0776,0.0184,-0.3138,0.3307,0.0,0.0,STREAM
2026-02-10T06:44:12.626989,0.0772,-0.0247,-0.2586,0.3212,0.0,0.0,STREAM
2026-02-10T06:44:12.649655,0.0611,-0.0605,-0.2101,0.3055,0.0,0.0,STREAM
2026-02-10T06:44:12.662126,0.0538,-0.0684,-0.1538,0.2840,0.0,0.0,STREAM
2026-02-10T06:44:12.684086,0.0574,-0.0460,-0.1392,0.2640,0.0,0.0,STREAM
2026-02-10T06:44:12.703204,0.0646,-0.0229,-0.1377,0.2469,0.0,0.0,STREAM
2026-02-10T06:44:12.724946,0.0658,-0.0126,-0.1001,0.2271,0.0,0.0,STREAM
2026-02-10T06:44:12.743182,0.0645,0.0005,-0.0446,0.2023,0.0,0.0,STREAM
2026-02-10T06:44:12.761361,0.0551,0.0164,-0.0320,0.1791,0.0,0.0,STREAM
2026-02-10T06:44:12.782115,0.0348,0.0305,-0.0627,0.1628,0.0,0.0,STREAM
2026-02-10T06:44:12.800305,0.0145,0.0273,-0.0819,0.1506,0.0,0.0,STREAM
2026-02-10T06:44:12.820275,0.0148,0.0017,-0.0319,0.1333,0.0,0.0,STREAM
2026-02-10T06:44:12.841501,0.0072,-0.0136,0.0128,0.1119,0.0,0.0,STREAM
2026-02-10T06:44:12.858552,0.0094,-0.0118,0.0191,0.0930,0.0,0.0,STREAM
2026-02-10T06:44:12.877465,0.0147,0.0074,0.0082,0.0788,0.0,0.0,STREAM
2026-02-10T06:44:12.897341,0.0123,0.0251,0.0101,0.0665,0.0,0.0,STREAM
2026-02-10T06:44:12.918496,0.0011,0.0292,0.0014,0.0568,0.0,0.0,STREAM
2026-02-10T06:44:12.934954,-0.0027,0.0281,-0.0199,0.0514,0.0,0.0,STREAM
2026-02-10T06:44:12.953948,0.0068,0.0191,-0.0188,0.0473,0.0,0.0,STREAM
2026-02-10T06:44:13.207550,0.0141,0.0131,0.0347,0.0373,0.0,0.0,STREAM
2026-02-10T06:44:13.402567,-0.0740,0.1164,-0.2354,0.0671,0.0,0.0,STREAM
2026-02-10T06:44:13.596689,0.1043,0.1891,0.1100,0.0656,0.0,0.0,STREAM
2026-02-10T06:44:13.790143,0.1284,-0.1343,-0.2232,0.0767,0.0,0.0,STREAM
2026-02-10T06:44:13.983177,0.1142,-0.1209,-0.1373,0.0885,0.0,0.0,STREAM
2026-02-10T06:44:14.176213,0.0846,-0.0975,-0.1159,0.0975,0.0,0.0,STREAM
2026-02-10T06:44:14.369664,0.0728,-0.0936,-0.0679,0.0999,0.0,0.0,STREAM
2026-02-10T06:44:14.564829,0.0493,-0.0760,-0.0620,0.0996,0.0,0.0,STREAM
2026-02-10T06:44:14.758285,0.0536,-0.0835,-0.0441,0.0987,0.0,0.0,STREAM
2026-02-10T06:44:30.255067,-0.0408,-0.1139,0.0387,0.1006,0.0,0.0,STREAM
2026-02-10T06:44:30.448300,0.0012,-0.1084,0.0607,0.1026,0.0,0.0,STREAM
2026-02-10T06:44:30.641714,-0.0332,-0.0873,0.0630,0.1034,0.0,0.0,STREAM
2026-02-10T06:44:30.836873,-0.0480,-0.0524,0.0074,0.0975,0.0,0.0,STREAM
2026-02-10T06:44:31.030972,-0.0400,-0.0563,0.0193,0.0934,0.0,0.0,STREAM
2026-02-10T06:44:31.224792,-0.0229,-0.0557,0.0455,0.0901,0.0,0.0,STREAM
2026-02-10T06:44:31.416197,-0.0083,-0.0556,0.0483,0.0869,0.0,0.0,STREAM
2026-02-10T06:44:31.610463,0.0103,-0.0705,0.1042,0.0892,0.0,0.0,STREAM
2026-02-10T06:44:31.804595,0.0073,-0.0578,0.0847,0.0894,0.0,0.0,STREAM
2026-02-10T06:44:31.998178,-0.0314,-0.0714,0.0389,0.0889,0.0,0.0,STREAM
2026-02-10T06:44:32.190376,-0.0034,-0.0897,0.0525,0.0908,0.0,0.0,STREAM
2026-02-10T06:44:32.387078,0.0274,-0.0633,0.0521,0.0886,0.0,0.0,STREAM
2026-02-10T06:44:32.579292,0.0365,-0.0554,0.0289,0.0842,0.0,0.0,STREAM
2026-02-10T06:44:36.262297,-0.0066,0.2325,-0.0396,0.1178,0.0,0.0,STREAM
2026-02-10T06:44:36.455271,0.0302,0.2052,-0.0466,0.1320,0.0,0.0,STREAM
2026-02-10T06:44:36.648479,0.0317,0.1944,-0.0385,0.1423,0.0,0.0,STREAM
2026-02-10T06:44:36.842045,0.0139,0.1952,-0.0397,0.1508,0.0,0.0,STREAM
2026-02-10T06:44:37.036152,0.0279,0.1988,-0.0527,0.1593,0.0,0.0,STREAM
2026-02-10T06:44:37.228359,0.0228,0.2021,-0.0279,0.1661,0.0,0.0,STREAM
2026-02-10T06:44:37.422142,0.0130,0.2005,-0.0451,0.1720,0.0,0.0,STREAM
2026-02-10T06:44:37.614989,0.0232,0.2059,-0.0339,0.1777,0.0,0.0,STREAM
2026-02-10T06:44:37.810037,0.0467,0.2036,-0.0104,0.1820,0.0,0.0,STREAM
2026-02-10T06:44:38.004778,0.0181,0.2054,-0.0088,0.1854,0.0,0.0,STREAM
2026-02-10T06:44:38.199007,-0.0105,0.1918,-0.0032,0.1858,0.0,0.0,STREAM
2026-02-10T06:44:38.391783,-0.0008,0.1793,-0.0087,0.1846,0.0,0.0,STREAM
2026-02-10T06:44:38.585601,0.0227,0.1927,-0.0239,0.1862,0.0,0.0,STREAM
2026-02-10T06:44:38.779715,0.0046,0.1914,-0.0060,0.1869,0.0,0.0,STREAM
2026-02-10T06:44:38.972617,-0.0061,0.1823,-0.0092,0.1861,0.0,0.0,STREAM
2026-02-10T06:44:39.165308,-0.0265,0.1900,-0.0194,0.1866,0.0,0.0,STREAM
2026-02-10T06:44:39.361288,-0.0074,0.1814,-0.0067,0.1857,0.0,0.0,STREAM
2026-02-10T06:44:39.553195,-0.0037,0.1531,-0.0095,0.1809,0.0,0.0,STREAM
2026-02-10T06:44:39.746613,0.0031,0.1273,-0.0162,0.1730,0.0,0.0,STREAM
2026-02-10T06:44:39.940546,-0.0082,0.1332,-0.0151,0.1671,0.0,0.0,STREAM
2026-02-10T06:44:40.136244,-0.0206,0.1248,-0.0406,0.1613,0.0,0.0,STREAM
2026-02-10T06:44:40.328660,-0.0308,0.1297,-0.0189,0.1569,0.0,0.0,STREAM
2026-02-10T06:44:40.523279,-0.0119,0.1023,-0.0241,0.1491,0.0,0.0,STREAM
2026-02-10T06:44:40.715105,-0.0092,0.0807,-0.0155,0.1391,0.0,0.0,STREAM
2026-02-10T06:44:40.910669,-0.0168,0.0725,-0.0004,0.1292,0.0,0.0,STREAM
2026-02-10T06:44:41.104207,-0.0063,0.0394,-0.0074,0.1158,0.0,0.0,STREAM
2026-02-10T06:44:41.298310,-0.0190,0.0219,-0.0166,0.1023,0.0,0.0,STREAM
2026-02-10T06:44:41.489299,-0.0274,0.0008,-0.0038,0.0877,0.0,0.0,STREAM
2026-02-10T06:44:41.683341,-0.0178,-0.0244,0.0069,0.0712,0.0,0.0,STREAM
2026-02-10T06:44:41.878524,-0.0194,-0.0363,0.0160,0.0556,0.0,0.0,STREAM
2026-02-10T06:44:42.073446,-0.0174,-0.0629,0.0072,0.0391,0.0,0.0,STREAM
2026-02-10T06:44:42.264551,-0.0088,-0.0488,0.0005,0.0273,0.0,0.0,STREAM
2026-02-10T06:44:42.460356,-0.0116,-0.0465,0.0147,0.0186,0.0,0.0,STREAM
2026-02-10T06:44:42.654016,0.0030,-0.0511,0.0219,0.0118,0.0,0.0,STREAM
2026-02-10T06:44:42.847773,-0.0117,-0.0525,0.0135,0.0130,0.0,0.0,STREAM
2026-02-10T06:44:43.040288,-0.0086,-0.0618,0.0160,0.0184,0.0,0.0,STREAM
2026-02-10T06:44:43.235652,0.0140,-0.0719,0.0242,0.0250,0.0,0.0,STREAM
2026-02-10T06:45:03.574753,0.0349,-0.1477,0.0058,0.1004,0.0,0.0,STREAM
2026-02-10T06:45:03.766565,0.0443,-0.1651,0.0119,0.1103,0.0,0.0,STREAM
2026-02-10T06:45:03.964913,0.0308,-0.1685,0.0120,0.1193,0.0,0.0,STREAM
2026-02-10T06:45:04.156994,0.0286,-0.1679,0.0011,0.1268,0.0,0.0,STREAM
2026-02-10T06:45:04.351258,0.0254,-0.1601,0.0096,0.1321,0.0,0.0,STREAM
2026-02-10T06:45:04.543487,0.0456,-0.1611,0.0048,0.1371,0.0,0.0,STREAM
2026-02-10T06:45:04.738518,0.0561,-0.1508,0.0019,0.1402,0.0,0.0,STREAM
2026-02-10T06:45:04.930841,0.0532,-0.1446,-0.0094,0.1419,0.0,0.0,STREAM
2026-02-10T06:45:05.124248,0.0373,-0.1413,-0.0228,0.1424,0.0,0.0,STREAM
2026-02-10T06:45:05.317318,0.0233,-0.1184,-0.0362,0.1393,0.0,0.0,STREAM
2026-02-10T06:45:05.511812,0.0330,-0.1223,-0.0217,0.1375,0.0,0.0,STREAM
2026-02-10T06:45:05.706560,0.0656,-0.1279,0.0015,0.1378,0.0,0.0,STREAM
2026-02-10T06:45:05.900405,0.0672,-0.1170,-0.0024,0.1367,0.0,0.0,STREAM
2026-02-10T06:45:06.092033,0.0544,-0.1088,-0.0086,0.1343,0.0,0.0,STREAM
2026-02-10T06:45:06.286849,0.0442,-0.0887,-0.0307,0.1291,0.0,0.0,STREAM
2026-02-10T06:45:06.481565,0.0552,-0.0775,-0.0098,0.1236,0.0,0.0,STREAM
2026-02-10T06:45:06.672938,0.0616,-0.0713,-0.0048,0.1185,0.0,0.0,STREAM
2026-02-10T06:45:06.868070,0.0568,-0.0645,-0.0042,0.1130,0.0,0.0,STREAM
2026-02-10T06:45:07.063569,0.0451,-0.0609,-0.0031,0.1073,0.0,0.0,STREAM
2026-02-10T06:45:07.255543,0.0423,-0.0591,-0.0171,0.1021,0.0,0.0,STREAM
2026-02-10T06:45:07.448790,0.0468,-0.0597,-0.0252,0.0983,0.0,0.0,STREAM
2026-02-10T06:45:07.642664,0.0440,-0.0655,-0.0123,0.0955,0.0,0.0,STREAM
2026-02-10T06:45:07.838007,0.0381,-0.0341,-0.0130,0.0887,0.0,0.0,STREAM
2026-02-10T06:45:08.030956,0.0507,-0.0064,-0.0045,0.0804,0.0,0.0,STREAM
2026-02-10T06:45:08.224737,0.0283,0.0082,-0.0065,0.0700,0.0,0.0,STREAM
2026-02-10T06:45:08.416069,0.0053,0.0206,-0.0055,0.0578,0.0,0.0,STREAM
2026-02-10T06:45:08.612886,-0.0008,0.0410,-0.0033,0.0448,0.0,0.0,STREAM
2026-02-10T06:45:08.805131,0.0026,0.0524,0.0096,0.0333,0.0,0.0,STREAM
2026-02-10T06:45:08.999308,0.0099,0.0554,0.0082,0.0261,0.0,0.0,STREAM
2026-02-10T06:45:09.193358,-0.0004,0.0652,0.0114,0.0215,0.0,0.0,STREAM